name,post_code,address,tel,holiday,start_time_monday,end_time_monday,start_time_tuesday,end_time_tuesday,start_time_wednesday,end_time_wednesday,start_time_thursday,end_time_thursday,start_time_friday,end_time_friday,start_time_saturday,end_time_saturday
100세약국,7223,"서울특별시 영등포구 양평로 24, (당산동6가)",02-2678-8217,전부휴진,9:00,19:00,9:00,19:00,9:00,19:00,9:00,19:00,9:00,19:00,9:00,13:30
1번약국,8311,"서울특별시 구로구 구로동로 132, (구로동)",02-851-1155,전부 휴진,8:30,21:00,8:30,21:00,8:30,21:00,8:30,21:00,8:30,21:00,9:00,19:00
21세기약국,7391,"서울특별시 영등포구 여의대방로 177, (신길동)",02-2678-2854,,,,,,,,,,,,,
365약국,2146,"서울특별시 중랑구 면목로 407, 면목역 지하1층 108호 (면목동)",02-2208-0365,전부 휴진,9:00,20:00,9:00,20:00,9:00,20:00,9:00,20:00,9:00,20:00,9:00,15:00
3층하나약국,5504,"서울특별시 송파구 올림픽로35길 112, (신천동, 장미B상가 315호)",02-412-3358,오후1시이후,8:30,19:00,8:30,19:00,8:30,19:00,8:30,19:00,8:30,19:00,9:00,16:00
7형제약국,5371,"서울특별시 강동구 명일로 117, 106호 (둔촌동)",02-478-9855,휴일,,,,,,,,,,,,
가까운단골약국,5269,"서울특별시 강동구 동남로 891, 현대델리안오피스텔 102호 (명일동)",02-441-8868,전부 휴진,,,,,,,,,,,,
가까운약국,8747,"서울특별시 관악구 양녕로 46, 112호 (봉천동, 메카플러스)",02-883-7266,,,,,,,,,,,,,
가까운온누리약국,8095,"서울특별시 양천구 목동서로 349, 센트럴프라자 106호 (신정동)",02-2650-8828,근무,8:30,22:00,8:30,22:00,8:30,22:00,8:30,22:00,8:30,22:00,8:30,22:00
가까운이화약국,5506,"서울특별시 송파구 강동대로 74, 잠실올림픽아이파크상가 1층 108호, 지층 B103호 (풍납동)",02-489-4383,,9:00,19:00,9:00,19:00,9:00,19:00,9:00,19:00,9:00,19:00,9:00,13:00
가까운중앙약국,7805,"서울특별시 강서구 마곡중앙4로 74, 106~107호 (마곡동)",02-2662-3675,,9:00,22:00,9:00,22:00,9:00,22:00,9:00,22:00,9:00,19:00,,
가나약국,3379,"서울특별시 은평구 서오릉로 46, 201동  상가 104호 (녹번동, 녹번2차 현대아파트)",02-352-5088,,8:00,18:30,8:00,18:30,8:00,18:30,8:00,18:30,8:00,18:30,8:00,15:30
가람약국,8277,"서울특별시 구로구 경인로40길 12, GB빌딩 1층 (개봉동)",02-2614-7645,공휴일은 네이버지도에서 약국 운영시간 확인,8:50,21:00,8:50,20:30,8:50,20:30,8:50,20:30,8:50,20:30,8:50,16:00
가양종로약국,7575,"서울특별시 강서구 양천로 460, (등촌동)",02-2659-2356,,,,,,,,,,,,,
가온약국,5328,"서울특별시 강동구 올림픽로 658, 오복빌딩 2층 (천호동)",02-473-4302,오후 2시 이후,9:00,21:30,9:00,21:30,9:00,21:30,9:00,21:30,9:00,21:30,9:00,19:00
가정약국,4304,"서울특별시 용산구 청파로 333, (청파동1가)",02-713-6200,"공휴일에도 운영(단 설, 추석 당일 오전 제외))",8:00,21:00,8:00,21:00,8:00,21:00,8:00,21:00,8:00,21:00,8:00,21:00
가족사랑약국,1152,"서울특별시 강북구 오패산로52길 39, (미아동)",02-945-3720,,9:00,21:00,9:00,21:00,9:00,21:00,9:00,21:00,9:00,21:00,9:00,17:00
감마약국,6018,"서울특별시 강남구 압구정로 336, 101호 (신사동)",02-547-8990,근무,,,,,,,,,,,,
감초당약국,2569,"서울특별시 동대문구 약령중앙로 11, 1층 (제기동)",02-963-1174,12:00 or 15:00,9:00,21:30,9:00,21:30,9:00,21:30,9:00,21:30,9:00,21:30,9:00,21:30
강남약국,5404,"서울특별시 강동구 양재대로 1355, (성내동)",02-486-7823,,9:00,21:00,9:00,21:00,9:00,21:00,9:00,21:00,9:00,21:00,9:00,20:00
강남제일약국,6132,"서울특별시 강남구 테헤란로 139, (역삼동)",02-555-7790,전부휴진,9:00,20:00,9:00,20:30,9:00,20:00,9:00,20:00,9:00,20:30,10:00,16:30
강림약국,7068,"서울특별시 동작구 시흥대로 668-2, (신대방동)",02-832-8975,전부휴진,8:30,19:30,8:30,19:00,8:30,19:30,8:30,19:00,8:30,19:30,8:30,16:00
강약국,6979,"서울특별시 동작구 서달로 158, (흑석동, 명수대상가104호)",02-816-8766,,9:00,22:00,9:00,22:00,9:00,22:00,9:00,22:00,9:00,22:00,9:00,20:00
건강백세약국,4503,"서울특별시 중구 서소문로 12, (중림동)",02-392-7855,,8:40,19:00,8:40,19:00,8:40,19:00,8:40,19:00,8:40,19:00,8:40,17:00
건강약국,2026,"서울특별시 중랑구 신내로 135, 신내9단지아파트 제상가1동 1층 117호 (신내동)",02-3421-7582,,9:00,19:20,9:00,19:20,9:00,19:20,9:00,19:20,9:00,19:20,9:00,16:00
건강온누리약국,8757,"서울특별시 관악구 남부순환로 1715, 101호 (봉천동, 신우빌딩)",070-7740-3349,,8:30,22:00,8:30,22:00,8:30,22:00,8:30,22:00,8:30,22:00,8:30,22:00
건강제일녹십자약국,1394,"서울특별시 도봉구 해등로 190, (쌍문동)",02-906-1024,10시~7시,9:00,21:00,9:00,21:00,9:00,21:00,9:00,21:00,9:00,21:00,,
건강한약국,8547,"서울특별시 금천구 남부순환로 1384, (독산동)",02-866-1191,오후 1시,9:00,19:00,9:00,19:00,9:00,19:00,9:00,19:00,9:00,19:00,9:00,16:00
건강한온누리약국,7765,"서울특별시 강서구 가로공원로82길 41-8, 1층 (화곡동)",02-2606-0012,,,,,,,,,,,,,
경민약국,8065,"서울특별시 양천구 신월로10길 16, (신월동, 삼성아파트)",02-2603-2133,,,,,,,,,,,,,
경인약국,5636,"서울특별시 송파구 가락로42길 9, (방이동)",02-412-7891,,9:00,21:30,9:00,21:30,9:00,21:30,9:00,21:30,9:00,21:30,9:00,20:00
고덕약국,5224,"서울특별시 강동구 고덕로 353, 고덕그라시움아파트(상가1동) 208호 (고덕동)",02-427-9904,,,,,,,,,,,,,
고은약국,7214,"서울특별시 영등포구 영신로 259, (당산동5가)",02-2678-8084,,9:00,21:00,9:00,21:00,9:00,21:00,9:00,21:00,9:00,21:00,9:00,18:00
공생약국,3196,"서울특별시 종로구 종로 228, 1층 (종로5가)",02-2277-1366,근무,9:00,20:00,9:00,20:00,9:00,20:00,9:00,20:00,9:00,20:00,9:00,20:00
관악소망약국,8788,"서울특별시 관악구 남부순환로 1838, 2층 (봉천동)",878-4568,,9:00,19:00,9:00,19:00,9:00,19:00,9:00,19:00,9:00,19:00,9:00,18:00
광장약국,3130,"서울특별시 종로구 종로 193-2, 1,2층 (종로4가)",02-2272-0380,,,,,,,,,,,,,
광혜당약국,2767,"서울특별시 성북구 장월로 88-1, (장위동)",02-942-5199,오전9시~오후1시까지,9:00,21:00,9:00,21:00,9:00,21:00,9:00,21:00,9:00,21:00,9:00,16:00
국약국,1699,"서울특별시 노원구 한글비석로 383, 2층 26호 (중계동, 삼창타워프라자)",02-934-4404,휴무,9:00,22:00,9:00,22:00,9:00,22:00,9:00,22:00,9:00,22:00,9:00,22:00
국일약국,3191,"서울특별시 종로구 종로16길 12, (관철동)",02-2275-7225,,9:00,19:00,9:00,19:00,9:00,19:00,9:00,19:00,9:00,19:00,9:00,13:00
국제약국,4737,"서울특별시 성동구 독서당로 288-1, (금호동4가)",02-2294-3833,오후 8시 이후,8:00,21:30,8:00,21:30,8:00,21:30,8:00,21:30,8:00,21:30,8:00,21:30
군자백화점약국,4985,"서울특별시 광진구 천호대로 574, (능동)",02-3436-2088,,9:00,22:00,9:00,22:00,9:00,22:00,9:00,22:00,9:00,22:00,9:00,22:00
굿모닝약국,8547,"서울특별시 금천구 독산로 366, (독산동)",02-852-4910,,9:00,20:00,9:00,20:00,9:00,20:00,9:00,20:00,9:00,20:00,9:00,20:00
그랜드약국,5016,"서울특별시 광진구 아차산로29길 55, (화양동)",02-462-8447,오전 10시 개문,8:30,23:30,8:30,23:30,8:30,23:30,8:30,23:30,8:30,23:30,8:30,23:30
그랜드온누리약국,2644,"서울특별시 동대문구 장한로 14, (장안동)",070-4229-1954,휴무,9:00,19:00,9:00,19:00,9:00,19:00,9:00,19:00,9:00,19:00,9:00,16:00
그린약국,3404,"서울특별시 은평구 진흥로 103, 기린빌딩 3층 303호 (역촌동)",02-356-5917,휴무,,,,,,,,,,,,
그린팜약국,1073,"서울특별시 강북구 도봉로 329, 5층 (수유동)",02-990-0458,,,,,,,,,,,,,
극동약국,5783,"서울특별시 송파구 동남로18길 9, (가락동, 극동아파트상가 104호)",02-403-1379,전부휴진,9:00,20:00,9:00,20:00,9:00,20:00,9:00,20:00,9:00,20:00,9:00,17:00
금강약국,6906,"서울특별시 동작구 매봉로 178, B02호 (본동, 마본빌딩)",02-817-1918,,9:00,20:00,9:00,20:00,9:00,20:00,9:00,20:00,9:00,20:00,9:00,18:00
금성약국,5043,"서울특별시 광진구 자양로 112, 111호,112호,113호 (구의동)",02-447-1500,"1월1일 정기휴진, 이외 공휴일은 오후12시 이후",8:00,18:00,8:00,18:00,8:00,18:00,8:00,18:00,8:00,18:00,8:00,12:10
금와약국,5068,"서울특별시 광진구 뚝섬로 585, (자양동)",02-444-0003,,9:00,21:00,9:00,21:00,9:00,21:00,9:00,21:00,9:00,21:00,9:00,14:00
금천약국,4526,"서울특별시 중구 남대문로1길 2, (북창동)",02-778-7134,전부휴진,9:00,19:00,9:00,19:00,9:00,19:00,9:00,19:00,9:00,19:00,9:00,13:00
기린약국,4732,"서울특별시 성동구 독서당로 175, 101-2호 (옥수동, 극동그린아파트)",02-2299-8850,,9:00,19:30,9:00,19:30,9:00,19:30,9:00,19:30,9:00,19:30,9:00,16:30
기쁨약국,6727,"서울특별시 서초구 효령로 396, 1층 (서초동)",02-522-4527,,9:00,19:00,9:00,19:00,9:00,19:00,9:00,19:00,9:00,19:00,9:00,15:00
길약국,5355,"서울특별시 강동구 천호대로177길 10, (길동)",02-470-7533,,,,,,,,,,,,,
길음메디칼약국,2725,"서울특별시 성북구 길음로 2, 1층 (길음동)",02-915-5777,9시~3시까지,9:00,20:20,9:00,20:20,9:00,20:20,9:00,20:20,9:00,20:20,9:00,16:30
김약국,7423,"서울특별시 영등포구  대림로22길 37, (대림동)",02-835-7729,휴무,8:30,19:30,8:30,19:30,8:30,19:30,8:30,19:30,8:30,19:30,,
꿈꾸는약국,6922,"서울특별시 동작구 장승배기로 168, 드림타워 지하1층 B101호 (노량진동)",02-821-6500,,8:00,21:00,8:00,21:00,8:00,21:00,8:00,21:00,8:00,21:00,8:00,21:00
나나약국,8708,"서울특별시 관악구 보라매로3길 29, 3층 11호 (봉천동, 해태보라매타워)",02-849-7770,,9:00,21:20,9:00,21:20,9:00,21:20,9:00,21:20,9:00,21:20,9:00,21:00
나라약국,5030,"서울특별시 광진구 능동로 110, 스타시티영존빌딩 지하2층 B201호 (화양동)",02-453-7398,오후 1시까지 근무,9:00,19:00,9:00,19:00,9:00,19:00,9:00,19:00,9:00,19:00,9:00,17:00
나래약국,7423,"서울특별시 영등포구 도림로 192, (대림동, 동성빌딩)",02-845-9369,,9:00,21:00,9:00,21:00,9:00,21:00,9:00,21:00,9:00,21:00,9:00,21:00
나무약국,6110,"서울특별시 강남구 학동로 102, 논현역 지하층 208호 (논현동)",,,9:00,20:30,9:00,20:30,9:00,20:30,9:00,20:30,9:00,20:30,8:30,15:00
남부시장약국,7738,"서울특별시 강서구 등촌로5길 80, (화곡동)",02-2645-0101,,,,,,,,,,,,,
남시약국,4529,"서울특별시 중구 남대문로 18, (남대문로3가)",02-753-7575,정상 영업 (오전9시부터 오후6시30분까지),8:00,19:30,8:00,19:30,8:00,19:30,8:00,19:30,8:00,19:30,8:00,19:30
내자약국,3041,"서울특별시 종로구 사직로 107, 1층 (내자동, 한빛빌딩)",02-6326-2007,,8:00,18:30,8:00,18:30,8:00,18:30,8:00,18:30,8:00,18:30,8:00,13:30
녹십자약국,6572,"서울특별시 서초구 방배로25길 4, 1층 (방배동)",02-533-5287,,,,,,,,,,,,,
녹십자옵티마약국,6314,"서울특별시 강남구 논현로10길 24, 1층 (개포동)",02-576-2720,휴무(항상은 아님),10:00,20:30,10:00,20:30,10:00,20:30,10:00,20:30,10:00,20:30,10:00,19:30
녹원약국,5630,"서울특별시 송파구 백제고분로50길 26, 1층 (방이동)",02-423-0203,,9:00,21:00,9:00,21:00,9:00,21:00,9:00,21:00,9:00,21:00,9:00,17:00
논현필리아약국,6100,"서울특별시 강남구 선릉로 641, 1층 일부호 (논현동)",02-540-7582,,9:00,22:00,9:00,22:00,9:00,22:00,9:00,22:00,9:00,22:00,9:00,19:00
누리약국,5764,"서울특별시 송파구 오금로 551, 208동 1층 111-1호 (거여동, e편한세상 송파 파크센트럴)",02-406-8583,전부 휴진,9:00,21:30,9:00,21:30,9:00,21:30,9:00,21:30,9:00,21:30,9:00,20:00
뉴메디칼약국,5085,"서울특별시 광진구 뚝섬로 496, (자양동)",469-3363,전부휴진,9:30,18:30,9:30,18:30,9:30,18:30,9:30,18:30,9:30,18:30,9:30,15:00
뉴석계프라자약국,1895,"서울특별시 노원구 석계로 2, (월계동)",02-914-5555,,8:45,22:30,8:45,22:30,8:45,22:30,8:45,22:30,8:45,22:30,8:45,22:30
뉴타운약국,1197,"서울특별시 강북구 삼양로27길 43, 2층 201,202호 (미아동, 위브 테라스 파크)",02-982-0721,,9:00,21:00,9:00,21:00,9:00,21:00,9:00,21:00,9:00,21:00,9:00,18:00
늘푸른약국,1308,"서울특별시 도봉구 도봉로163길 7, (도봉동)",02-3493-3823,,,,,,,,,,,,,
다나약국,1893,"서울특별시 노원구 석계로 95, (월계동)",02-943-8409,오전9시부터 오후 11시까지,9:00,23:00,9:00,23:00,9:00,23:00,9:00,23:00,9:00,23:00,9:00,23:00
다나은약국,2573,"서울특별시 동대문구 홍릉로 3, 1층 (청량리동)",02-960-1005,,8:30,18:30,8:30,18:30,8:30,18:30,8:30,18:30,8:30,18:30,8:30,13:30
다나을약국,4724,"서울특별시 성동구 장터1길 2, (금호동3가)",02-2231-1703,전부 휴진,,,,,,,,,,,,
다모아약국,3368,"서울특별시 은평구 통일로 714, 1층 1호 (불광동)",02-356-8868,오후5시이후,9:00,21:00,9:00,21:00,9:00,21:00,9:00,21:00,9:00,21:00,9:00,19:00
다사랑약국,5534,"서울특별시 송파구 토성로 11, 1,2층 (풍납동)",02-477-2590,,9:00,20:00,9:00,20:00,9:00,20:00,9:00,20:00,9:00,20:00,9:00,18:00
다솜약국,6231,"서울특별시 강남구 도곡로 205, 1층 (역삼동, 원경빌딩)",02-567-9691,,,,,,,,,,,,,
다온약국,5379,"서울특별시 강동구 천호옛길 98, (성내동)",02-488-7266,,9:00,19:30,9:00,19:30,9:00,19:30,9:00,19:30,9:00,19:30,9:00,14:30
다인약국,6737,"서울특별시 서초구 남부순환로 2614, 311호 (양재동, 한솔로이젠트)",02-571-1317,,8:00,20:00,8:00,20:00,8:00,20:00,8:00,20:00,8:00,20:00,8:00,14:00
다정약국,6536,"서울특별시 서초구 강남대로 527, 브랜드칸 타워 1층 (반포동)",02-543-8006,오후1시이후,9:00,19:00,9:00,19:00,9:00,19:00,9:00,19:00,9:00,19:00,9:00,15:00
단골온누리약국,3113,"서울특별시 종로구 지봉로 50, (숭인동, 필빌딩)",02-745-0731,휴진,9:00,18:30,9:00,18:30,9:00,18:30,9:00,18:30,9:00,18:30,9:00,12:30
단비약국,2076,"서울특별시 중랑구 봉화산로 194, 7층 705호 (신내동, 신아타운)",02-3421-1412,,,,,,,,,,,,,
달빛약국,3344,"서울특별시 은평구 통일로80길 11, 101호 (불광동)",,,,,,,,,,,,,,
당고개약국,1634,"서울특별시 노원구 상계로 309-1, (상계동)",02-930-5142,,9:00,22:00,9:00,22:00,9:00,22:00,9:00,22:00,9:00,22:00,9:00,22:00
대건약국,7208,"서울특별시 영등포구 양평로 99, (양평동4가,1층)",02-6909-9868,업무시간:오전9시~오후10시,9:00,22:00,9:00,22:00,9:00,22:00,9:00,22:00,9:00,22:00,9:00,22:00
대남약국,6959,"서울특별시 동작구 상도로22길 26, (상도동)",02-822-3502,휴진 없음,9:00,22:00,9:00,22:00,9:00,22:00,9:00,22:00,9:00,22:00,9:00,22:00
대동약국,8758,"서울특별시 관악구 관악로 185, 1층 (봉천동)",02-877-0453,,9:00,21:30,9:00,21:30,9:00,21:30,9:00,21:30,9:00,21:30,9:00,19:00
대림약국,8211,"서울특별시 구로구 신도림로 16, 주상가동 209호 (신도림동, 대림2차)",02-2679-3553,휴무,8:00,21:00,8:00,21:00,8:00,21:00,8:00,21:00,8:00,21:00,8:00,18:00
대명약국,3197,"서울특별시 종로구 종로 256-1, 대명빌딩 1층 (종로5가)",02-2274-0980,오후6시이후,9:00,21:00,9:00,21:00,9:00,21:00,9:00,21:00,9:00,21:00,9:00,21:00
대성약국,8733,"서울특별시 관악구 청림길 8, (봉천동)",02-877-3024,전부휴진,9:00,19:00,9:00,19:00,9:00,19:00,9:00,19:00,9:00,19:00,9:00,16:00
대영약국,6515,"서울특별시 서초구 잠원로14길 29, 125호 (잠원동, 설악복지센타)",02-591-9888,전부휴진,,,,,,,,,,,,
대우약국,3396,"서울특별시 은평구 통일로 749, 1층 (대조동)",02-387-8626,,9:00,22:00,9:00,22:00,9:00,22:00,9:00,22:00,9:00,22:00,9:00,21:00
대웅약국,1452,"서울특별시 도봉구 우이천로 298, (쌍문동)",990-2345,,,,,,,,,,,,,
대원약국,7297,"서울특별시 영등포구 당산로 34, (문래동3가,4층)",02-2633-8703,,8:30,21:00,8:30,21:00,8:30,21:00,8:30,21:00,8:30,21:00,8:30,21:00
대일약국,7008,"서울특별시 동작구 동작대로27길 22, (사당동)",02-591-4655,,,,,,,,,,,,,
대자연약국,5320,"서울특별시 강동구 구천면로 291, (천호동)",02-474-7576,,9:00,23:00,9:00,23:00,9:00,23:00,9:00,23:00,9:00,23:00,9:00,23:00
대중약국,4710,"서울특별시 성동구 왕십리로 379, (하왕십리동)",02-2292-4418,,,,,,,,,,,,,
대창약국,1237,"서울특별시 강북구 월계로 53, (미아동)",02-989-2267,,9:00,20:30,9:00,20:30,9:00,20:30,9:00,20:30,9:00,20:30,9:00,19:00
대학당약국,8846,"서울특별시 관악구 원신길 2-1, (신림동)",02-878-7497,,8:30,21:30,8:30,21:30,8:30,21:30,8:30,21:30,8:30,21:30,8:30,20:00
대학약국,8309,"서울특별시 구로구 구로동로 149-1, (구로동)",02-865-4910,,8:30,18:30,8:30,18:30,8:30,18:30,8:30,18:30,8:30,18:30,8:30,16:00
더블유약국,6123,"서울특별시 강남구 강남대로 468, 1층 (역삼동, 충림빌딩)",02-557-9135,전부휴진,,,,,,,,,,,,
더클래식약국,5065,"서울특별시 광진구 능동로 90, 1층 104-2호 (자양동, 더클래식500)",02-455-4565,2층 리더스 피부과 휴진시 휴진,9:30,21:00,9:30,21:00,9:30,21:00,9:30,21:00,9:30,21:00,9:30,19:00
더행복약국,3472,"서울특별시 은평구 은평로 200-1, 가동 1층 (응암동, 삼영빌딩)",02-387-3515,휴무,,,,,,,,,,,,
도원약국,4168,"서울특별시 마포구 마포대로 52, 고려아카데미텔Ⅱ 1층 105호 (도화동)",02-715-3095,,9:30,22:00,9:30,22:00,9:30,22:00,9:30,22:00,9:30,22:00,9:30,22:00
독일약국,4169,"서울특별시 마포구 도화4길 19, 1층 (도화동)",02-712-1853,,,,,,,,,,,,,
동경약국,4057,"서울특별시 마포구 신촌로16길 4, 1층 101호 (노고산동)",02-334-7668,휴무,,,,,,,,,,,,
동남온누리약국,5398,"서울특별시 강동구 성내로 4, (성내동)",02-478-9587,오후1시 이후 휴무,8:50,21:00,8:50,21:00,8:50,21:00,8:50,21:00,8:50,21:00,8:40,17:00
동명약국,5372,"서울특별시 강동구 양재대로 1384, 미림빌딩 1층 6호 (둔촌동)",02-472-4321,,8:00,20:30,8:00,20:30,8:00,20:30,8:00,20:30,8:00,20:30,8:00,18:00
동문약국,1830,"서울특별시 노원구 공릉로59나길 78-10, (하계동)",02-949-7070,,,,,,,,,,,,,
동민약국,2737,"서울특별시 성북구 오패산로 99, 102호 (하월곡동, 동민빌딩)",6925-0008,오전10-오후 4시,,,,,,,,,,,,
동산약국,1782,"서울특별시 노원구 동일로 1280, 1층 109호,110호 (중계동, 무지개아파트단지내상가)",948-9476,,9:00,21:00,9:00,21:00,9:00,21:00,9:00,21:00,9:00,21:00,9:00,21:00
동서울약국,5116,"서울특별시 광진구 강변역로 50, 124호 (구의동, 동서울터미널빌딩)",02-452-0015,,,,,,,,,,,,,
동신약국,2582,"서울특별시 동대문구 하정로5길 1, 1층 (신설동)",02-927-0311,.,9:00,19:30,9:00,19:30,9:00,19:30,9:00,19:30,9:00,19:30,9:00,19:00
동아약국,1164,"서울특별시 강북구 도봉로 118, (미아동)",02-985-1448,후무,9:00,18:30,9:00,18:30,9:00,18:30,9:00,18:30,9:00,18:30,9:00,17:00
동우약국,6738,"서울특별시 서초구 남부순환로356길 15, 111,112,126호 (양재동, 양재종합시장)",02-574-2678,,9:30,18:00,9:30,18:00,9:30,18:00,9:30,18:00,9:30,18:00,9:30,15:00
동원약국,8753,"서울특별시 관악구 신림로 360-1, (신림동)",02-883-7525,,,,,,,,,,,,,
동의당약국,7064,"서울특별시 동작구 여의대방로10길 38, (신대방동)",02-832-8423,,,,,,,,,,,,,
동일약국,7923,"서울특별시 양천구 월정로 139-1, (신월동)",02-2625-2282,정상 근무,,,,,,,,,,,,
동화약국,4586,"서울특별시 중구 다산로34길 47, (신당동)",02-2234-9666,,8:30,20:00,8:30,20:00,8:30,20:00,8:30,20:00,8:30,20:00,8:30,17:30
두리약국,6343,"서울특별시 강남구 일원로 35, 1층 (일원동)",02-445-3188,365일 연중무휴 09:00~22:00,9:00,22:00,9:00,22:00,9:00,22:00,9:00,22:00,9:00,22:00,9:00,22:00
드림약국,1607,"서울특별시 노원구 동일로 1677, 1층 (상계동, 제성빌딩)",02-937-0400,휴무,9:00,19:00,9:00,19:00,9:00,19:00,9:00,19:00,9:00,19:00,9:00,16:00
드림온누리약국,7975,"서울특별시 양천구 목동중앙본로 68-1, (목동)",02-2062-8872,,9:00,22:00,9:00,22:00,9:00,22:00,9:00,22:00,9:00,22:00,9:00,22:00
라임약국,7055,"서울특별시 동작구 여의대방로 142, (대방동)",02-813-7779,,9:00,19:00,9:00,19:00,9:00,19:00,9:00,19:00,9:00,19:00,9:00,13:30
라파엘약국,7582,"서울특별시 강서구 강서로 460, 평안빌딩 1층 101호 (등촌동)",02-3662-3335,휴진,9:00,20:30,9:00,20:30,9:00,20:30,9:00,20:30,9:00,20:30,9:00,20:00
럭키약국,5336,"서울특별시 강동구 천호대로 1053, 이안 강동 컴홈스테이 1차 (천호동)",02-6053-0533,,,,,,,,,,,,,
레몬약국,3615,"서울특별시 서대문구 통일로 510, 상가동 지2층 107호 (홍은동, 북한산 더샵)",02-391-0199,,,,,,,,,,,,,
로데오약국,6018,"서울특별시 강남구 선릉로 823, 1층 (신사동, 한양타운)",02-540-4091,,,,,,,,,,,,,
마곡하나약국,7803,"서울특별시 강서구 강서로 385, 106호 (마곡동, 우성에스비타워)",02-3664-0319,,8:30,21:00,8:30,21:00,8:30,21:00,8:30,21:00,8:30,21:00,8:30,17:00
마들소망약국,1674,"서울특별시 노원구 동일로 1530, 105호 (상계동, 다모아빌딩)",02-934-6627,휴진,,,,,,,,,,,,
마루약국,7794,"서울특별시 강서구 강서로 399, 마곡하이마루 210호 (마곡동)",02-3663-3563,,,,,,,,,,,,,
마리약국,6032,"서울특별시 강남구 논현로155길 6, 106호 (신사동)",070-8950-8548,휴무,9:00,20:00,9:00,20:00,9:00,20:00,9:00,20:00,9:00,20:00,9:00,15:00
맑은샘약국,6925,"서울특별시 동작구 장승배기로 110, (노량진동)",02-825-8175,,8:30,20:30,8:30,20:30,8:30,20:30,8:30,20:30,8:30,20:30,8:30,18:00
맑은약국,3779,"서울특별시 서대문구 신촌로 107, 세인빌딩 1층 (창천동)",02-363-3668,휴무,8:30,19:00,8:30,19:00,8:30,19:00,8:30,20:00,8:30,19:00,8:30,15:00
망원동약국,3964,"서울특별시 마포구 망원로 69, 1층 (망원동)",02-333-9915,전부휴진,,,,,,,,,,,,
매일약국,4317,"서울특별시 용산구 백범로 313, 208동 지하3층 111호 (효창동, 용산 롯데캐슬 센터포레)",0000-0000,,9:00,20:00,9:00,20:00,9:00,20:00,9:00,20:00,9:00,20:00,9:00,17:00
메디슨약국,1429,"서울특별시 도봉구 해등로 255, 101동 2층 222호 (쌍문동, 에벤에셀아파트)",070-4256-9231,선택휴무,,,,,,,,,,,,
메디칼바른약국,8294,"서울특별시 구로구 공원로7길 40, 1층 (구로동, 대영빌딩)",02-866-1914,휴무,9:00,22:00,9:00,22:00,9:00,22:00,9:00,22:00,9:00,22:00,9:00,21:00
메디칼약국,3996,"서울특별시 마포구 월드컵로14길 5, 1층 (서교동)",02-3141-4757,,9:00,22:00,9:00,22:00,9:00,22:00,9:00,22:00,9:00,22:00,9:00,22:00
메디케어약국,6512,"서울특별시 서초구 신반포로 157, 405호 (잠원동, 일동빌딩)",02-593-8040,,9:00,18:40,9:00,18:40,9:00,18:40,9:00,18:40,9:00,18:40,9:00,15:40
메디팜건강약국,1443,"서울특별시 도봉구 도봉로 487, 1층 (쌍문동)",02-906-1800,정상근무,9:00,22:00,9:00,22:00,9:00,22:00,9:00,22:00,9:00,22:00,9:00,22:00
메디팜유일약국,6709,"서울특별시 서초구 효령로46길 14, (서초동)",02-585-2260,오전9시-7시,,,,,,,,,,,,
메디팜장약국,8104,"서울특별시 양천구 목동남로4길 32, (신정동)",02-2645-7395,,9:30,20:50,9:30,20:50,9:30,20:50,9:30,20:50,9:30,20:50,9:30,17:00
메디팜큰사랑약국,1454,"서울특별시 도봉구 도봉로 488, (창동)",907-7582,,9:00,21:00,9:00,21:00,9:00,21:00,9:00,21:00,9:00,21:00,9:00,21:00
멜론약국,2709,"서울특별시 성북구 보국문로 53, (정릉동)",02-942-2712,휴무,9:00,19:00,9:00,19:00,9:00,19:00,9:00,19:00,9:00,19:00,9:00,17:00
명동약국,4536,"서울특별시 중구 퇴계로 123, 8층 (충무로2가)",02-2079-0825,,8:30,22:00,8:30,22:00,8:30,22:00,8:30,22:00,8:30,22:00,8:30,22:00
명문약국,1452,"서울특별시 도봉구 우이천로 300, (쌍문동)",02-995-5941,,,,,,,,,,,,,
명보약국,8652,"서울특별시 금천구 시흥대로 92, (시흥동)",02-803-2384,전부휴진,9:00,19:30,9:00,19:30,9:00,19:30,9:00,19:30,9:00,19:30,9:00,17:00
명성약국,5032,"서울특별시 광진구 광나루로 538, (구의동)",444-7848,휴무,,,,,,,,,,,,
명지약국,3670,"서울특별시 서대문구 증가로 150, 제상가동 제지3층 제비302호 (남가좌동, DMC센트럴아이파크)",,오전9시----오후10시,,,,,,,,,,,,
명진약국,4337,"서울특별시 용산구 신흥로36길 3, (후암동)",02-778-4365,,8:30,20:30,8:30,20:30,8:30,20:30,8:30,20:30,8:30,20:30,8:30,19:00
모닝약국,3695,"서울특별시 서대문구 증가로 84, 102호 (연희동)",02-332-1251,휴무,,,,,,,,,,,,
모범약국,5584,"서울특별시 송파구 백제고분로 258, (삼전동)",02-415-9273,9시~18시,,,,,,,,,,,,
모아약국,6765,"서울특별시 서초구 성촌길 34, 지하1층 (우면동, (주)삼성전자서울R&D캠퍼스)",02-576-0212,,9:00,18:00,9:00,18:00,9:00,18:00,9:00,18:00,9:00,18:00,8:30,2:30
목동약국,8022,"서울특별시 양천구 오목로 232, 112호 (신정동, 보성상가)",02-2697-0543,,,,,,,,,,,,,
무지개약국,5085,"서울특별시 광진구 뚝섬로 498-1, A,B동 1층 (자양동)",462-8604,오후 1시 이후 휴진,8:30,19:30,8:30,19:30,8:30,19:30,8:30,19:30,8:30,19:30,8:30,16:30
무지개온누리약국,1904,"서울특별시 노원구 화랑로 325, (월계동)",909-0889,,,,,,,,,,,,,
문약국,4419,"서울특별시 용산구 독서당로 67, 205호 (한남동, 서울빌딩)",02-793-2296,,8:00,21:30,8:00,21:30,8:00,21:30,8:00,21:30,8:00,21:30,8:00,21:30
미래로약국,2419,"서울특별시 동대문구 이문로 114, 한국외국어대학교 글로벌홀 1층 (이문동)",02-966-4588,전부 휴진,8:30,18:30,8:30,18:30,8:30,18:30,8:30,18:30,8:30,18:30,8:30,13:00
미래약국,8309,"서울특별시 구로구 구로동로 145-6, B동 1,2층 (구로동)",02-852-0270,,8:30,18:00,8:30,18:00,8:30,18:00,8:30,18:00,8:30,18:00,8:30,13:00
미래팜약국,1751,"서울특별시 노원구 노해로 492, 102호, 103호 (상계동, 프린스빌딩)",02-932-9595,전부휴진,,,,,,,,,,,,
미성송파약국,5676,"서울특별시 송파구 송파대로 374, (송파동)",02-420-2419,,,,,,,,,,,,,
미성약국,6000,"서울특별시 강남구 압구정로 113-22, 101호 (압구정동, 미성상가)",02-544-8275,,9:00,19:00,9:00,19:00,9:00,19:00,9:00,19:00,9:00,19:00,9:00,16:00
미소로약국,7228,"서울특별시 영등포구 영신로 238, (영등포동8가,101호)",02-3667-5066,전부휴진,,,,,,,,,,,,
미소약국,4910,"서울특별시 광진구 면목로 126, (중곡동)",02-3409-2744,,8:00,19:00,8:00,19:00,8:00,19:00,8:00,19:00,8:00,19:00,8:00,14:00
미소온누리약국,5044,"서울특별시 광진구 아차산로 373, 원이빌딩 1층 (구의동)",02-455-6813,,9:00,18:00,9:00,18:00,9:00,18:00,9:00,18:00,9:00,18:00,9:00,12:30
민들레약국,7041,"서울특별시 동작구 보라매로 110, 영등포농협 1층 (대방동)",02-814-8275,오후 1시이후,9:00,20:00,9:00,20:00,9:00,20:00,9:00,20:00,9:00,20:00,9:00,16:00
민생약국,6105,"서울특별시 강남구 언주로125길 6, (논현동)",02-547-7903,,8:30,21:30,8:30,21:30,8:30,21:30,8:30,21:30,8:30,21:30,8:30,21:30
민성약국,2616,"서울특별시 동대문구 한천로11길 32, (답십리동)",02-2245-7948,휴무,9:00,19:30,9:00,19:30,9:00,19:30,9:00,19:30,9:00,19:30,9:00,13:00
민약국,7387,"서울특별시 영등포구 가마산로69가길 12, 3층 303호 (신길동)",02-841-5645,전부휴무,9:00,19:00,9:00,19:00,9:00,19:00,9:00,19:00,9:00,19:00,9:00,15:30
믿음메디칼약국,3457,"서울특별시 은평구 응암로 213, (응암동)",02-303-0544,전부휴일,8:50,19:10,8:50,19:10,8:50,19:10,8:50,19:10,8:50,19:10,8:50,16:00
바다약국,8628,"서울특별시 금천구 시흥대로 230, 서평빌딩 3층 301호 (시흥동)",02-6372-7000,9 :00 ~ 13 : 00,9:00,18:30,9:00,18:30,9:00,18:30,9:00,18:30,9:00,18:30,9:00,15:00
바른약국,5502,"서울특별시 송파구 올림픽로 145, 5층 (잠실동, 리센츠상가 5B15호)",02-3431-9930,,9:00,19:30,9:00,19:30,9:00,19:30,9:00,19:30,9:00,19:30,9:00,17:30
바른온누리약국,2799,"서울특별시 성북구 화랑로 76, 112-1호 (하월곡동, 코업스타클래스)",02-942-4750,전부휴진,9:00,20:00,9:00,20:00,9:00,20:00,9:00,20:00,9:00,20:00,9:00,15:00
반포프라자약국,6531,"서울특별시 서초구 신반포로 329, 1층 5호 (잠원동)",02-549-3668,영업,,,,,,,,,,,,
밝은약국,5501,"서울특별시 송파구 올림픽로 119, (잠실동, 파인애플상가 3A04호)",02-422-0317,,,,,,,,,,,,,
밝은온누리약국,1189,"서울특별시 강북구 삼양로 191, (미아동)",02-945-2295,휴무,8:30,20:30,8:30,20:30,8:30,20:30,8:30,20:30,8:30,20:30,8:30,19:00
방배대한약국,6568,"서울특별시 서초구 동작대로 118, 107호 (방배동, 방배예다인)",02-596-1776,,9:00,21:00,9:00,21:00,9:00,21:00,9:00,21:00,9:00,21:00,9:00,17:00
방이메디칼약국,5629,"서울특별시 송파구 가락로 277, (방이동)",02-423-0563,전부휴진,9:00,20:00,9:00,20:00,9:00,20:00,9:00,20:00,9:00,20:00,9:00,16:00
백두산약국,2855,"서울특별시 성북구 고려대로 78, (안암동5가)",02-927-2792,,,,,,,,,,,,,
백제약국,5351,"서울특별시 강동구 양재대로116길 50, (길동)",02-477-7900,오전9시~오후1시,9:00,21:00,9:00,21:00,9:00,21:00,9:00,21:00,9:00,21:00,9:00,20:00
백조약국,1814,"서울특별시 노원구 공릉로46길 3, 102호 (공릉동, 평화타운)",02-974-7778,,8:00,20:00,8:00,20:00,8:00,20:00,8:00,20:00,8:00,20:00,8:00,20:00
백화점약국,2787,"서울특별시 성북구 돌곶이로 61, (석관동)",02-964-6230,,,,,,,,,,,,9:00,18:00
별빛약국,6135,"서울특별시 강남구 봉은사로 204, 1층 (역삼동)",02-539-7717,,9:00,21:00,9:00,21:00,9:00,21:00,9:00,21:00,9:00,21:00,9:00,21:00
보건약국,7340,"서울특별시 영등포구 국제금융로7길 22, (여의도동,대교B상가 114호)",02-785-1005,근무 ( 오전11시~ 오후 7시),9:00,21:30,9:00,21:30,9:00,21:30,9:00,21:30,9:00,21:30,9:00,9:30
보광약국,3082,"서울특별시 종로구 대학로 93-3, 1층 (연건동)",02-762-2515,휴무,9:00,18:00,9:00,18:00,9:00,18:00,9:00,18:00,9:00,18:00,7:00,21:00
보람약국,4736,"서울특별시 성동구 한림말길 50, 106호 (옥수동)",02-2299-7710,휴업(당번일시 예외),9:00,19:00,9:00,19:00,9:00,19:00,9:00,19:00,9:00,19:00,9:00,15:30
보룡약국,1751,"서울특별시 노원구 동일로 1380, 상계동 국민은행 (상계동)",02-979-6000,,8:50,21:30,8:50,21:30,8:50,21:30,8:50,21:30,8:50,21:30,8:50,21:00
보림약국,2833,"서울특별시 성북구 동소문로 15, 1층 (동소문동1가)",02-762-7521,,,,,,,,,,,,,
보명약국,4737,"서울특별시 성동구 독서당로 280-7, (금호동4가)",02-2282-6236,근무자 상황에 따라 휴진,9:00,21:00,9:00,21:00,9:00,21:00,9:00,21:00,9:00,21:00,9:00,16:00
보생당약국,5328,"서울특별시 강동구 천호대로 1015, 지하2층 (천호동)",02-483-3690,,9:00,22:00,9:00,22:00,9:00,22:00,9:00,22:00,9:00,22:00,9:00,22:00
보성약국,5752,"서울특별시 송파구 성내천로 212, (마천동)",02-443-3532,,,,,,,,,,,,,
보성온누리약국,3070,"서울특별시 종로구 명륜길 22, (명륜1가)",02-762-4125,,9:00,21:00,9:00,21:00,9:00,21:00,9:00,21:00,9:00,21:00,9:00,21:00
보윤약국,1842,"서울특별시 노원구 동일로192길 20, 1층 (공릉동)",02-979-3353,,,,,,,,,,,,,
보은당약국,3468,"서울특별시 은평구 응암로22길 28-6, 1층 (응암동)",02-374-8683,,,,,,,,,,,,,
복지약국,2597,"서울특별시 동대문구 천호대로 227, (답십리동)",02-2217-3606,"설날,추석휴무",,,,,,,,,,,,
본초당약국,7705,"서울특별시 강서구 강서로45길 49-5, 1층 101호,102호 (화곡동)",02-2602-4593,,,,,,,,,,,,,
봄빛약국,8503,"서울특별시 금천구 가산디지털1로 171, 가산 에스케이 브이원 센터 2층 202-1호 (가산동)",02-6244-8275,,9:00,21:00,9:00,21:00,9:00,21:00,9:00,21:00,9:00,21:00,9:00,21:00
봄약국,5098,"서울특별시 광진구 뚝섬로 596, 1층 (자양동)",02-454-6088,,9:00,19:00,9:00,19:00,9:00,19:00,9:00,19:00,9:00,19:00,9:00,15:00
봉화약국,4910,"서울특별시 광진구 긴고랑로 31, (중곡동)",02-499-3457,,,,,,,,,,,,,
부강약국,8218,"서울특별시 구로구 중앙로14길 27, 104호 (고척동)",02-2625-0861,전부휴진,,,,,,,,,,,,
부광약국,1489,"서울특별시 도봉구 덕릉로 398, 주공아파트17단지상가 120호 (창동)",902-3654,휴무,9:00,20:00,9:00,20:00,9:00,20:00,9:00,20:00,9:00,20:00,9:00,16:00
부부약국,,"서울특별시 강북구 오패산로 112, (미아동)",02-989-6060,,9:00,22:00,9:00,22:00,9:00,22:00,9:00,22:00,9:00,22:00,9:00,22:00
부영약국,7580,"서울특별시 강서구 강서로56나길 110, (등촌동)",02-3663-1809,정상근무,9:00,21:30,9:00,21:30,9:00,21:30,9:00,21:30,9:00,21:30,9:00,21:00
비타민약국,8801,"서울특별시 관악구 남부순환로 1933, 101호 (봉천동)",02-882-3778,,9:00,19:50,9:00,19:50,9:00,19:50,9:00,19:50,9:00,19:50,9:00,16:30
빠른대학온누리약국,7805,"서울특별시 강서구 마곡중앙4로 74, 이웰메디파크 101-103호 (마곡동)",02-2661-2525,전부휴진,8:30,18:30,8:30,18:30,8:30,18:30,8:30,18:30,8:30,18:30,9:00,13:00
사과약국,7803,"서울특별시 강서구 강서로 391, 108호 (마곡동, 문영비즈웍스)",02-3663-0625,,9:00,20:00,9:00,20:00,9:00,20:00,9:00,20:00,9:00,20:00,9:00,14:20
사랑손약국,6655,"서울특별시 서초구 서초대로38길 12, 103호 (서초동, 마제스타시티타워원)",02-6411-1188,휴진,8:00,18:00,8:00,18:00,8:00,18:00,8:00,18:00,8:00,18:00,8:00,13:00
사랑약국,8635,"서울특별시 금천구 시흥대로 189, 1층 103호 (시흥동)",02-743-2800,,,,,,,,,,,,,
사랑의약국,6512,"서울특별시 서초구 신반포로 165, 2동 1층 1-2호 (잠원동, 반포쇼핑타운)",02-3476-2273,휴무,9:00,19:00,9:00,19:00,9:00,21:00,9:00,19:00,9:00,19:00,9:00,16:00
산들약국,1357,"서울특별시 도봉구 도당로13길 17, 1층 (방학동)",070-4369-0101,오후 1시 이후,9:00,19:00,9:00,19:00,9:00,19:00,9:00,19:00,9:00,19:00,9:00,15:00
삼성건강약국,6088,"서울특별시 강남구 선릉로 670, 1층 일부호 (삼성동, 해운빌딩)",02-517-3520,전부 휴진,8:30,20:00,8:30,20:00,8:30,20:00,8:30,20:00,8:30,20:00,9:00,13:00
삼성늘푸른약국,1454,"서울특별시 도봉구 도봉로 476, 206호 (창동, 삼성쉐르빌퍼스티)",02-993-5757,1시 이후 휴무,8:00,20:00,8:00,20:00,8:00,19:00,8:00,20:00,8:00,20:00,8:00,16:00
삼성약국,8774,"서울특별시 관악구 신원로 21, (신림동)",02-855-4158,오후2시 이후,9:00,19:00,9:00,19:00,9:00,19:00,9:00,19:00,9:00,19:00,9:00,14:00
삼성엠(M)약국,2488,"서울특별시 동대문구 왕산로 247-1, (청량리동)",02-967-3375,전부휴진,8:30,19:30,8:30,19:30,8:30,19:30,8:30,19:30,8:30,19:30,8:30,19:30
삼성온누리약국,6164,"서울특별시 강남구 테헤란로87길 58, 컨벤션별관 지하1층 1A14호 (삼성동)",02-552-5612,,9:00,21:00,9:00,21:00,9:00,21:00,9:00,21:00,9:00,21:00,9:00,18:00
삼오약국,2594,"서울특별시 동대문구 답십리로 64, (전농동)",02-2214-3535,휴무,9:00,19:00,9:00,19:00,9:00,19:00,9:00,19:00,9:00,19:00,9:00,16:00
삼원약국,5507,"서울특별시 송파구 올림픽로37길 130, 파크리오 A동 317호 (신천동)",02-421-0793,,9:00,,9:00,,9:00,,9:00,,9:00,,,
삼일약국,1110,"서울특별시 강북구 삼양로 241, 1층 (미아동)",02-945-3132,선택적으로 휴무,10:00,22:30,10:00,22:30,10:00,22:30,10:00,22:30,10:00,22:30,10:00,20:00
삼화약국,2490,"서울특별시 동대문구 왕산로 207, 1층 (청량리동)",02-962-5324,,8:30,20:00,8:30,20:00,8:30,20:00,8:30,20:00,8:30,20:00,8:30,20:00
상도약국,4714,"서울특별시 성동구 행당로17길 32, 누보빌딩 105호 (행당동)",02-2292-5485,휴무,,,,,,,,,,,,
상보약국,4787,"서울특별시 성동구 동일로 83, (성수동2가)",02-463-7513,근무,,,,,,,,,,,,
상수약국,4158,"서울특별시 마포구 큰우물로 75, 1층 4호 (도화동, 성지빌딩)",02-336-8271,,9:00,19:00,9:00,19:00,9:00,19:00,9:00,19:00,9:00,19:00,9:00,15:00
상아약국,1176,"서울특별시 강북구 도봉로 143, 광명빌딩 1층 (미아동)",02-985-3211,오후5시까지근무,,,,,,,,,,,,
새경희약국,2454,"서울특별시 동대문구 경희대로1가길 27, (회기동)",02-964-2199,,8:30,19:00,8:30,19:00,8:30,19:00,8:30,19:00,8:30,19:00,8:30,15:00
새국민약국,2751,"서울특별시 성북구 화랑로 91, (하월곡동)",02-909-3463,,9:30,21:30,9:30,21:30,9:30,21:30,9:30,21:30,9:30,21:30,9:30,21:30
새녹십자약국,8294,"서울특별시 구로구 구로중앙로28길 65, (구로동)",02-872-9750,,9:00,21:00,9:00,21:00,9:00,21:00,9:00,21:00,9:00,21:00,9:00,20:00
새동산약국,4934,"서울특별시 광진구 능동로 378, 1층 (중곡동)",02-446-1515,,9:00,20:00,9:00,20:00,9:00,20:00,9:00,20:00,9:00,20:00,9:00,16:00
새롬약국,5599,"서울특별시 송파구 석촌호수로 130, 신원빌딩 206호 (삼전동)",02-415-8839,,9:00,21:00,9:00,21:00,9:00,21:00,9:00,21:00,9:00,21:00,9:00,19:00
새린온누리약국,2624,"서울특별시 동대문구 답십리로 266, 1층 (장안동)",02-2214-3455,휴진,9:00,21:00,9:00,21:00,9:00,21:00,9:00,21:00,9:00,21:00,9:00,16:00
새미약국,7015,"서울특별시 동작구 동작대로 25, 4층 403호 (사당동)",02-586-7618,휴무,9:00,19:00,9:00,19:00,9:00,19:00,9:00,19:00,9:00,19:00,9:00,14:00
새민우약국,2818,"서울특별시 성북구 북악산로 845, 203동 301호 (정릉동, 정릉쌍용아파트)",02-917-4275,,,,,,,,,,,,,
새봄약국,5522,"서울특별시 송파구 풍성로 55, 1층 (풍납동)",02-474-3118,오전9시 ~ 13시00분,8:30,19:00,8:30,20:30,8:30,19:00,8:30,20:30,8:30,19:00,8:30,17:00
새사랑약국,6980,"서울특별시 동작구 서달로 150, 109호 (흑석동, 이랜드해가든)",741-0705,,,,,,,,,,,,,
새서울약국,8302,"서울특별시 구로구 가마산로 268, 대림역와이즈플레이스 108호 (구로동)",02-862-0268,,,,,,,,,,,,,
새소망약국,6004,"서울특별시 강남구 압구정로29길 68, 주구센타 제1호동 2층 201호 (압구정동, 현대아파트)",,전부 휴진,9:00,21:00,9:00,21:00,9:00,21:00,9:00,21:00,9:00,21:00,9:00,16:00
새시장약국,2165,"서울특별시 중랑구 망우로62길 81, (망우동)",02-436-7554,,,,,,,,,,,,,
새싹약국,7691,"서울특별시 강서구 강서로 254, 203호 (화곡동, 우장산이편한세상아이파크상가)",02-2695-8312,,8:30,21:30,8:30,21:30,8:30,21:30,8:30,21:30,8:30,21:30,,
새열린약국,8015,"서울특별시 양천구 신목로 34, (신정동)",02-2655-2388,,,,,,,,,,,,,
새우리약국,7937,"서울특별시 양천구 국회대로10길 9, 1층 (신정동)",02-2608-6942,,9:00,19:00,9:00,19:00,9:00,19:00,9:00,19:00,9:00,19:00,9:00,16:00
새종로약국,8849,"서울특별시 관악구 난곡로 264, (신림동)",02-866-6245,모두 휴무,9:00,20:00,9:00,20:00,9:00,20:00,9:00,20:00,9:00,20:00,9:00,18:00
새하늘약국,1760,"서울특별시 노원구 동일로 1308, 1층 (중계동, 정안프라자)",02-971-0610,,9:00,22:00,9:00,22:00,9:00,22:00,9:00,22:00,9:00,22:00,9:00,22:00
새한약국,1205,"서울특별시 강북구 도봉로 67, 새한빌딩 1층 102호 (미아동)",02-946-0688,,,,,,,,,,,,,
새희망약국,4804,"서울특별시 성동구 천호대로 308, 2층 (용답동)",02-2212-2212,,9:00,20:30,9:00,20:30,9:00,20:30,9:00,20:30,9:00,20:30,9:00,18:30
샘약국,1720,"서울특별시 노원구 한글비석로 270, 스카이타워 1층 103호 (중계동)",02-933-5826,전부 휴진,9:00,19:30,9:00,19:30,9:00,19:30,9:00,19:30,9:00,19:30,9:00,14:00
생생약국,5352,"서울특별시 강동구 양재대로 1458, 1층 나호 (길동)",02-477-4832,,9:00,19:30,9:00,19:30,9:00,19:30,9:00,19:30,9:00,19:30,9:00,17:00
샬롬약국,4539,"서울특별시 중구 을지로 55, 하나은행별관빌딩 4층 (을지로2가)",02-318-0663,,8:30,19:30,8:30,19:30,8:30,19:30,8:30,19:30,8:30,19:30,8:30,15:30
서강약국,8775,"서울특별시 관악구 문성로 219, (신림동)",02-856-3231,,8:00,20:00,8:00,20:00,8:00,20:00,8:00,20:00,8:00,20:00,,
서광약국,6709,"서울특별시 서초구 남부순환로315길 104, (서초동)",02-585-6835,,8:30,22:00,8:30,22:00,8:30,22:00,8:30,22:00,8:30,22:00,8:30,22:00
서울시니어스약국,4597,"서울특별시 중구 다산로 72, 1층 (신당동, 서울시니어스타워)",02-2237-5123,,8:30,20:00,8:30,20:00,8:30,20:00,8:30,20:00,8:30,20:00,8:30,17:00
서울약국,3629,"서울특별시 서대문구 통일로 464, 3층 (홍제동)",02-379-7147,,9:00,22:40,9:00,22:40,9:00,22:40,9:00,22:40,9:00,22:40,9:00,22:40
서진약국,1325,"서울특별시 도봉구 마들로 686, 103호 (도봉동)",02-3493-1315,,8:30,20:30,8:30,20:30,8:30,20:30,8:30,20:30,8:30,20:30,8:30,15:00
서초당약국,6644,"서울특별시 서초구 서초중앙로 107, (서초동, 삼화빌딩)",02-521-9443,,9:00,22:00,9:00,22:00,9:00,22:00,9:00,22:00,9:00,22:00,9:00,22:00
서초백화점약국,6654,"서울특별시 서초구 효령로 279, 1층 (서초동, 상경빌딩)",02-3474-7575,전부 휴진,8:30,9:30,8:30,9:30,8:30,9:30,8:30,9:30,8:30,9:30,8:30,9:30
서현약국,4427,"서울특별시 용산구 이촌로 200, 지히1층 104호 (이촌동)",02-792-2622,,9:10,22:30,9:10,22:30,9:10,22:30,9:10,22:30,9:10,22:30,9:10,22:30
선영약국,4706,"서울특별시 성동구 마장로 187, 1층 (홍익동)",02-2294-3734,오전9시~오후 9시 30분,,,,,,,,,,,,
선우약국,3449,"서울특별시 은평구 은평로 52, (신사동, 명성빌딩)",02-302-5583,전부 휴진,9:00,19:30,9:00,19:30,9:00,19:30,9:00,19:30,9:00,19:30,9:00,14:30
선한약국,6122,"서울특별시 강남구 논현로 605, 1층 (논현동, 승진빌딩)",02-547-9504,전부휴진,,,,,,,,,,,,
선화약국,2059,"서울특별시 중랑구 망우로 441, (망우동)",02-434-8784,휴일,9:00,20:30,9:00,20:30,9:00,20:30,9:00,20:30,9:00,20:30,9:00,20:30
설약국,8758,"서울특별시 관악구 남부순환로 1805, 1층 (봉천동)",02-883-7701,오후4시,9:00,19:00,9:00,19:00,9:00,19:00,9:00,19:00,9:00,19:00,9:00,16:00
성균관약국,6343,"서울특별시 강남구 일원로 49, 1층 (일원동)",02-451-4579,전부 휴진,,,,,,,,,,,,
성도약국,4344,"서울특별시 용산구 회나무로 25, (이태원동)",02-793-9991,,9:00,21:00,9:00,21:00,9:00,21:00,9:00,21:00,9:00,21:00,9:00,20:00
성모약국,2573,"서울특별시 동대문구 왕산로 193, 1층 102호 (청량리동)",02-960-7784,휴무,,,,,,,,,,,,
성산약국,4744,"서울특별시 성동구 고산자로 234, 7층 (행당동, 나래타워)",02-2294-8555,,8:30,21:00,8:30,21:00,8:30,21:00,8:30,21:00,8:30,21:00,8:30,21:00
성수약국,4782,"서울특별시 성동구 아차산로 116, 1층 (성수동2가)",,,,,,,,,,,,,,
성신약국,8784,"서울특별시 관악구 남부순환로 1728, (봉천동)",02-6032-0074,,7:30,21:30,7:30,21:30,7:30,21:30,7:30,21:30,7:30,21:30,7:30,21:30
성실약국,3428,"서울특별시 은평구 갈현로11길 26, 지층 (구산동)",354-1388,,9:00,21:00,9:00,21:00,9:00,21:00,9:00,21:00,9:00,21:00,9:00,15:00
성심약국,5739,"서울특별시 송파구 마천로 190, (오금동, 청전빌딩 104호)",02-404-7341,오후 2시 이후,,,,,,,,,,,,
성심온누리약국,1901,"서울특별시 노원구 석계로 49, (월계동, 현대아파트 주상가 122호)",943-1651,"삼일절, 석가탄신일, 현충일, 개천절은 오픈",9:00,22:00,9:00,22:00,9:00,22:00,9:00,22:00,9:00,22:00,9:00,22:00
성우약국,7320,"서울특별시 영등포구 여의대로 24, 전국경제인연합회회관 지하1층 114-2호 (여의도동)",02-718-1454,,,,,,,,,,,,,
성인약국,8352,"서울특별시 구로구 개봉로 9, (개봉동)",02-2682-2643,,8:30,20:00,8:30,20:00,8:30,20:00,8:30,20:00,8:30,20:00,8:30,16:00
성환약국,3407,"서울특별시 은평구 진흥로1길 23, (역촌동)",02-355-8374,,8:30,21:00,8:30,21:00,8:30,21:00,8:30,21:00,8:30,21:00,8:30,19:00
세계로약국,1684,"서울특별시 노원구 상계로 119, (상계동)",02-951-7274,,9:00,21:30,9:00,21:30,9:00,21:30,9:00,21:30,9:00,21:30,9:00,21:30
세명약국,6069,"서울특별시 강남구 학동로 411, 4층 403호 (청담동)",02-540-0054,휴무,,,,,,,,,,,,
세민약국,3036,"서울특별시 종로구 자하문로7길 73, 101호 (누하동, 트라이빌)",02-739-8851,,9:00,21:00,9:00,21:00,9:00,21:00,9:00,21:00,9:00,21:00,9:00,21:00
세브레스약국,4402,"서울특별시 용산구 대사관로 56, (한남동)",02-798-3048,,8:30,18:30,8:30,18:30,8:30,18:30,8:30,18:30,8:30,18:30,8:30,13:30
세일약국,1862,"서울특별시 노원구 한글비석로 24, 108호 (하계동, 하계5단지상가)",02-930-1199,,,,,,,,,,,,,
세종약국,2701,"서울특별시 성북구 보국문로 168, (정릉동)",02-914-3685,,,,13:00,1:00,13:00,1:00,13:00,1:00,13:00,1:00,13:00,1:00
셀메드믿음약국,2788,"서울특별시 성북구 돌곶이로 45, (석관동)",02-963-3249,,9:00,18:00,9:00,20:30,9:00,18:00,9:00,20:30,9:00,18:00,9:00,17:00
소나무약국,7388,"서울특별시 영등포구 신길로 150-1, 1층 (신길동)",070-7657-0013,전부휴진,9:00,21:00,9:00,21:00,9:00,21:00,9:00,21:00,9:00,21:00,9:00,21:00
소라약국,4911,"서울특별시 광진구 면목로 117, 1층 102호 (중곡동, 바론채)",02-469-5566,,8:40,19:00,8:40,19:00,8:40,19:00,8:40,19:00,8:40,19:00,8:40,16:30
소망약국,1051,"서울특별시 강북구 한천로 1088, 1층 (수유동, 현진빌딩)",02-903-3353,,9:00,21:00,9:00,21:00,9:00,21:00,9:00,21:00,9:00,21:00,9:00,20:30
소원약국,1126,"서울특별시 강북구 도봉로 205, (미아동)",0507-1337-4331,,9:00,20:00,9:00,20:00,9:00,20:00,9:00,20:00,9:00,20:00,9:00,19:00
솔약국,2762,"서울특별시 성북구 돌곶이로40길 46, 상가1동 5호 (장위동, 꿈의숲 아이파크)",02-943-5988,,8:30,22:00,8:30,22:00,8:30,22:00,8:30,22:00,8:30,22:00,8:30,22:00
솔잎약국,6335,"서울특별시 강남구 개포로 615, 308-1호 (개포동, 석탑프라자)",02-445-8928,휴무,8:00,20:00,8:00,20:00,8:00,20:00,8:00,20:00,8:00,20:00,8:00,18:00
송약국,8000,"서울특별시 양천구 오목로 325, 지하1층 (목동)",02-2062-2575,9~1시,,,,,,,,,,,,
송이온누리약국,2024,"서울특별시 중랑구 신내로 211, 212호 (신내동, 금강리빙스텔)",02-6743-4262,,9:00,21:00,9:00,21:00,9:00,21:00,9:00,21:00,9:00,21:00,9:00,21:00
송파프라자약국,5697,"서울특별시 송파구 가락로 112, (석촌동)",02-425-0539,,9:00,19:30,9:00,19:30,9:00,19:30,9:00,19:30,9:00,19:30,9:00,17:00
수락100세약국,1607,"서울특별시 노원구 동일로 1673, (상계동)",02-937-2103,정상영업,9:00,22:00,9:00,22:00,9:00,22:00,9:00,22:00,9:00,22:00,9:00,22:00
수락프라자약국,1607,"서울특별시 노원구 동일로 1669, (상계동)",02-932-7523,,9:00,22:30,9:00,22:30,9:00,22:30,9:00,22:30,9:00,22:30,9:00,22:30
수민약국,3385,"서울특별시 은평구 연서로 222, 102호 (대조동, 유니온빌딩)",02-352-3177,,9:00,19:00,9:00,19:00,9:00,19:00,9:00,19:00,9:00,19:00,9:00,15:00
수성약국,7222,"서울특별시 영등포구 양평로 68, DN빌딩 1층 (당산동6가)",02-2633-3669,휴무,9:00,18:00,9:00,18:00,9:00,18:00,9:00,18:00,9:00,18:00,9:00,13:00
수암약국,1892,"서울특별시 노원구 광운로 57, 1층 (월계동)",915-8466,,,,,,,,,,,,,
수약국,1751,"서울특별시 노원구 노해로 480, (상계동, 1층)",02-930-0580,휴진,9:00,16:30,9:00,16:30,9:00,16:30,9:00,16:30,9:00,16:30,9:00,15:00
수유상록수약국,1062,"서울특별시 강북구 도봉로 328, 301호 (번동, 가든타워빌딩)",02-900-7722,,8:30,19:00,8:30,19:00,8:30,19:00,8:30,19:00,8:30,19:00,8:30,16:00
수유온누리약국,1062,"서울특별시 강북구 도봉로 324, (번동)",02-996-9777,,,,,,,,,,,,,
수정약국,7301,"서울특별시 영등포구 영등포로36길 16, (영등포동4가)",02-2678-2358,,9:00,20:30,9:00,20:30,9:00,20:30,9:00,20:30,9:00,20:30,9:00,17:00
스마일약국,6567,"서울특별시 서초구 동작대로 132, 지하2층 (방배동, 안석빌딩)",02-532-5427,,8:50,19:50,8:50,19:50,8:50,19:50,8:50,19:50,8:50,19:50,8:50,16:50
스타약국,8213,"서울특별시 구로구 경인로 572, 스타팰리스 105호 (구로동)",02-2678-2484,,,,,,,,,,,,,
스타온누리약국,4578,"서울특별시 중구 퇴계로 452-1, B동 1층 (신당동)",02-2235-7193,전부휴진,9:00,19:30,9:00,19:30,9:00,19:30,9:00,19:30,9:00,19:30,9:00,15:00
시민약국,1815,"서울특별시 노원구 공릉로 176, 1층 (공릉동)",02-976-9815,,8:30,22:00,8:30,22:00,8:30,22:00,8:30,22:00,8:30,22:00,8:30,21:30
시스템약국,6558,"서울특별시 서초구 방배중앙로23길 1, (방배동)",02-3476-5501,,9:00,22:00,9:00,22:00,9:00,22:00,9:00,22:00,9:00,22:00,9:00,21:00
시장약국,3345,"서울특별시 은평구 연서로 257, (불광동)",02-389-4222,오전8시에서오후6시근무,,,,,,,,,,,,
시티약국,5558,"서울특별시 송파구 올림픽로 116, 1층 (잠실동)",02-3431-4115,전부 휴진,9:00,19:20,9:00,19:20,9:00,19:20,9:00,19:20,9:00,19:20,9:00,15:30
신대영약국,5116,"서울특별시 광진구 구의강변로 22, (구의동)",02-447-8725,휴무,,,,,,,,,,,,
신대흥약국,7267,"서울특별시 영등포구 영등포로 157, (당산동1가)",02-2679-0777,,,,,,,,,,,,,
신동아약국,1906,"서울특별시 노원구 마들로3길 15, 월계이마트 2층 (월계동)",02-978-5345,,,,,,,,,,,,,
신서대문대학약국,3180,"서울특별시 종로구 경교장1길 1, 1층 (교남동)",02-730-0737,전부휴진,9:00,19:00,9:00,19:00,9:00,19:00,9:00,19:00,9:00,19:00,9:00,15:00
신세계약국,8106,"서울특별시 양천구 신정로 312, 107호 (신정동, 목동뉴프라자상가)",2607-7946,,,,,,,,,,,,,
신세원약국,2721,"서울특별시 성북구 길음로7길 6, 길음뉴타운9단지래미안 상가 1층 7호 (길음동)",02-909-0928,,9:00,20:30,9:00,20:30,9:00,20:30,9:00,20:30,9:00,20:30,9:00,18:00
신안약국,6929,"서울특별시 동작구 장승배기로 139-1, (노량진동)",02-815-9191,,,,,,,,,,,,,
신우리약국,7328,"서울특별시 영등포구 여의나루로 42, (여의도동,여의도종합상가 406호)",02-780-1314,휴무,8:00,19:00,8:00,19:00,8:00,19:00,8:00,19:00,8:00,19:00,9:00,13:00
신우약국,2573,"서울특별시 동대문구 홍릉로 5-1, 1층 (청량리동)",02-961-8833,,9:00,21:00,9:00,21:00,9:00,21:00,9:00,21:00,9:00,21:00,9:00,21:00
신원약국,6785,"서울특별시 서초구 강남대로10길 60-1, 101호 (양재동)",02-814-3334,,9:00,22:00,9:00,22:00,9:00,22:00,9:00,22:00,9:00,22:00,9:00,22:00
신정약국,4595,"서울특별시 중구 다산로 32, 203호 (신당동, 남산타운5상가)",02-2256-1873,,9:00,18:00,9:00,18:00,9:00,18:00,9:00,18:00,9:00,18:00,9:00,13:30
신진약국,4414,"서울특별시 용산구 우사단로 2-1, 1층 104호 (보광동)",02-794-8276,휴무,9:00,20:00,9:00,20:00,9:00,20:00,9:00,20:00,9:00,20:00,9:00,19:00
실로암약국,4804,"서울특별시 성동구 용답중앙15길 11, (용답동)",02-2216-5360,,,,,,,,,,,,,
쌍용약국,5571,"서울특별시 송파구 올림픽로4길 48, (잠실동)",02-413-4013,,,,,,,,,,,,,
씨티약국,6526,"서울특별시 서초구 강남대로 597, 1층 (잠원동)",,정상근무,8:30,20:30,8:30,20:30,8:30,20:30,8:30,20:30,8:30,20:30,8:30,17:00
아라약국,6615,"서울특별시 서초구 서초대로77길 3, 아라타워 1층(110호 위치) (서초동)",02-530-8575,휴무,10:00,21:00,10:00,21:00,10:00,21:00,10:00,21:00,10:00,21:00,10:00,18:00
아람약국,7434,"서울특별시 영등포구 여의대방로 87, 1층 (신길동, 대신빌딩)",02-844-4422,,,,,,,,,,,,,
아름약국,8082,"서울특별시 양천구 신월로 304, 1층 (신정동)",2654-0530,,9:00,18:30,9:00,18:30,9:00,18:30,9:00,18:30,9:00,18:30,9:00,13:00
아이비하늘약국,7333,"서울특별시 영등포구 국제금융로 86, (여의도동)",02-786-7087,,9:00,19:00,9:00,19:00,9:00,19:00,9:00,19:00,9:00,19:00,9:00,14:00
아이사랑약국,2250,"서울특별시 중랑구 용마산로 309, 지층 (면목동)",02-433-6990,9-1시 휴진일 경우도 있음.,,,,,,,,,,,,
아주약국,5296,"서울특별시 강동구 양재대로128길 9, (명일동)",02-482-3232,,9:00,21:00,9:00,21:00,9:00,21:00,9:00,21:00,9:00,21:00,9:00,15:00
아침햇살약국,8391,"서울특별시 구로구 시흥대로 561, 동해빌딩 1층 (구로동)",858-4484,전부휴진,9:00,23:00,9:00,23:00,9:00,23:00,9:00,23:00,9:00,23:00,9:00,22:00
아카데미약국,4168,"서울특별시 마포구 마포대로 52, 205호, 206호 (도화동, 고려아카데미텔 II)",02-717-2388,,,,,,,,,,,,,
안국온누리약국,3147,"서울특별시 종로구 삼일대로 461, 101동 203호 (경운동, 운현궁에스케이허브)",02-6283-8008,,,,,,,,,,,,,
안일약국,7045,"서울특별시 동작구 성대로 76, (상도동)",02-823-0583,,,,,,,,,,,,,
알파약국,5510,"서울특별시 송파구 올림픽로 289, 잠실시그마타워 지하1층 비101-3호 (신천동)",02-422-2261,,,,,,,,,,,,,
압구정프라자온누리약국,6030,"서울특별시 강남구 논현로 857, A857 1층 일부호 (신사동)",02-511-3801,,,,,,,,,,,,,
약사랑약국,6749,"서울특별시 서초구 강남대로 221, 양재역환승주차장 3층 303호 (양재동)",02-573-1205,09:00-20:00,8:30,21:30,8:30,21:30,8:30,21:30,8:30,21:30,8:30,21:30,8:30,21:00
약산약국,7348,"서울특별시 영등포구 도신로 208, (신길동)",02-833-8932,,9:00,22:00,9:00,22:00,9:00,22:00,9:00,22:00,9:00,22:00,9:00,22:00
엄약국,3126,"서울특별시 종로구 종로 227, (종로5가, 엄약국)",02-763-0380,,10:00,22:00,10:00,22:00,10:00,22:00,10:00,22:00,10:00,22:00,10:00,22:00
에스약국,6657,"서울특별시 서초구 서초대로40길 77, 102호 (서초동)",02-3471-0620,전부 휴진,,,,,,,,,,,,
에스엠피약국,6355,"서울특별시 강남구 광평로19길 15, 110호 (일원동, 목련상가)",02-2226-1141,,9:10,19:00,9:10,19:00,9:10,19:00,9:10,19:00,9:10,19:00,10:00,16:00
엔젤팜약국,1395,"서울특별시 도봉구 방학로3길 121, (쌍문동)",02-997-8213,,8:30,20:00,8:30,20:00,8:30,20:00,8:30,20:00,8:30,20:00,8:30,20:00
엘림약국,8777,"서울특별시 관악구 신림로 324, 1층 (신림동)",02-876-3304,휴무,9:00,19:00,9:00,19:00,9:00,19:00,9:00,19:00,9:00,19:00,9:00,16:00
역삼다인약국,6131,"서울특별시 강남구 논현로 521-3, 1층 (역삼동)",02-3453-3589,휴무,9:00,19:00,9:00,19:00,9:00,19:00,9:00,19:00,9:00,19:00,9:00,16:00
역삼이화약국,6227,"서울특별시 강남구 논현로 340, 1층 (역삼동)",02-3288-8620,,8:40,7:00,8:40,7:00,8:40,7:00,8:40,7:00,8:40,7:00,8:40,12:30
연세약국,7714,"서울특별시 강서구 화곡로 161, 대성빌딩 104,105호 (화곡동)",2065-8234,전부휴진,8:25,18:00,8:25,18:00,8:25,18:00,8:25,18:00,8:25,18:00,8:25,15:30
연세열린약국,6230,"서울특별시 강남구 도곡로 255, studie 타워 1층 (역삼동)",02-569-8114,,,,,,,,,,,,,
연세온누리약국,6512,"서울특별시 서초구 신반포로 177, 3동 1층 55호,56호 (잠원동, 반포쇼핑)",02-537-8738,휴무,9:00,19:00,9:00,19:00,9:00,19:00,9:00,19:00,9:00,19:00,9:00,15:00
연합약국,4631,"서울특별시 중구 퇴계로 120, 1층 (남산동1가)",02-778-3465,,9:00,19:00,9:00,19:00,9:00,19:00,9:00,19:00,9:00,19:00,9:00,16:00
연희온누리약국,4321,"서울특별시 용산구 한강대로 297, 2층 (갈월동)",02-3273-7778,,,,,,,,,,,,,
열린대학약국,1211,"서울특별시 강북구 숭인로 63-1, 1층 (미아동)",02-986-1022,,8:50,21:00,8:50,19:00,8:50,21:00,8:50,19:00,8:50,19:00,8:50,17:00
열린약국,8235,"서울특별시 구로구 고척로 142-1, (고척동)",02-2625-6040,,9:30,19:00,9:30,19:00,9:30,19:00,9:30,19:00,9:30,19:00,9:30,16:00
열린온누리약국,3112,"서울특별시 종로구 숭인동길 21, (숭인동, 종로청계힐스테이트상가 가동 101호)",02-2242-3552,,8:30,22:00,8:30,22:00,8:30,22:00,8:30,22:00,8:30,22:00,8:30,21:00
영동약국,6114,"서울특별시 강남구 강남대로 526, 1층 (논현동)",02-540-5485,휴진,8:30,19:00,8:30,19:00,8:30,19:00,8:30,19:00,8:30,19:00,9:00,13:00
영등포시장약국,7250,"서울특별시 영등포구 영중로 62, 1층 (영등포동5가)",02-2634-9321,오전 09:00시에서 오후 6시까지 운영합니다.,8:00,22:00,8:00,22:00,8:00,22:00,8:00,22:00,8:00,22:00,8:00,22:00
영생약국,2811,"서울특별시 성북구 종암로5길 36, 상가동 1호 (종암동)",02-928-5777,오후8시30분이후,,,,,,,,,,,,
영약국,6614,"서울특별시 서초구 강남대로 415, 대동빌딩 4층 (서초동)",02-533-3321,전부 휴진,9:30,21:00,9:30,21:00,9:30,21:00,9:30,21:00,9:30,21:00,10:00,17:30
영일약국,7554,"서울특별시 강서구 양천로 658, (염창동)",02-3661-2954,휴무,,,,,,,,,,,,
영창당약국,3385,"서울특별시 은평구 통일로 843, (대조동)",02-355-2039,,9:00,22:00,9:00,22:00,9:00,22:00,9:00,22:00,9:00,22:00,9:00,22:00
예원약국,8832,"서울특별시 관악구 쑥고개로 110, 1층 (봉천동)",02-879-8989,밤 9시 이후,8:30,22:00,8:30,22:00,8:30,22:00,8:30,22:00,8:30,22:00,8:30,21:00
오성약국,2069,"서울특별시 중랑구 신내로 72, 원빌딩 (신내동)",070-8805-8844,평일 공휴일은 정상근무합니다.,,,,,,,,,,,,
오약국,5047,"서울특별시 광진구 아차산로 466, 트리니티 빌딩 2층 (구의동)",02-444-6704,휴무,9:00,19:00,9:00,19:00,9:00,19:00,9:00,19:00,9:00,19:00,9:00,16:00
온누리대광약국,7416,"서울특별시 영등포구 도림로38길 4, (대림동)",02-849-1330,,,,,,,,,,,,,
온누리미소약국,4023,"서울특별시 마포구 월드컵로 29, 지하2층 (합정동, JH빌딩)",02-323-4052,,8:30,20:00,8:30,20:00,8:30,20:30,8:30,18:30,8:30,20:30,8:30,14:00
온누리부부약국,5367,"서울특별시 강동구 진황도로 189, 104호 (둔촌동)",02-487-6703,,8:30,19:30,8:30,19:30,8:30,19:30,8:30,19:30,8:30,19:30,8:30,16:00
온누리사랑약국,2189,"서울특별시 중랑구 용마산로 438, (면목동)",02-494-2790,휴무,9:00,20:00,9:00,20:00,9:00,20:00,9:00,20:00,9:00,20:00,9:00,17:00
온누리신용약국,2112,"서울특별시 중랑구 중랑천로 114-1, (중화동)",02-434-6821,휴무,10:00,20:30,10:00,20:30,10:00,20:30,10:00,20:30,10:00,20:30,10:00,20:30
온누리약국,1692,"서울특별시 노원구 상계로5길 12, 112호, 113호 (상계동, 동양메이저상가)",02-931-0532,,9:00,22:00,9:00,22:00,9:00,22:00,9:00,22:00,9:00,22:00,9:00,22:00
온누리우인약국,6343,"서울특별시 강남구 일원로 39, (일원동, 대원빌딩)",02-2226-7141,,8:00,21:00,8:00,21:00,8:00,21:00,8:00,21:00,8:00,21:00,8:00,18:00
온누리은혜약국,8078,"서울특별시 양천구 신정로 293, 112, 114호 (신정동, 신트리 1단지 A상가)",02-2696-9888,전부 휴무,8:30,21:00,8:30,21:00,8:30,21:00,8:30,21:00,8:30,21:00,8:30,20:00
온누리평안약국,7204,"서울특별시 영등포구 양평로24길 9, (양평동5가, 한신아파트)",02-2634-6769,,9:00,21:00,9:00,21:00,9:00,21:00,9:00,21:00,9:00,21:00,9:00,16:00
온수약국,8261,"서울특별시 구로구 부일로1길 22, (온수동)",02-2683-0262,,9:00,21:00,9:00,21:00,9:00,21:00,9:00,21:00,9:00,21:00,9:00,18:00
온약국,5546,"서울특별시 송파구 올림픽로32길 59, 1층 103호 (방이동)",02-424-5010,,,,,,,,,,,,,
올리브약국,3464,"서울특별시 은평구 응암로 308, (응암동)",02-359-3841,,9:00,19:00,9:00,19:00,9:00,19:00,9:00,19:00,9:00,19:00,9:00,16:00
올바른약국,1675,"서울특별시 노원구 동일로 1493, 상계주공아파트(10단지) 105호 (상계동)",02-952-2250,,8:00,19:00,8:00,19:00,8:00,19:00,8:00,19:00,8:00,19:00,8:00,16:00
옵티마찬미약국,4402,"서울특별시 용산구 대사관로30길 17, (한남동)",02-790-4080,,,,,,,,,,,,,
완약국,3611,"서울특별시 서대문구 세검정로1길 115, (홍은동)",070-4235-4395,,,,,,,,,,,,,
왕약국,8814,"서울특별시 관악구 대학5길 17, (신림동)",02-877-1333,,9:00,22:00,9:00,22:00,9:00,22:00,9:00,22:00,9:00,22:00,9:00,22:00
용약국,4402,"서울특별시 용산구 대사관로24길 6, (한남동)",02-794-5528,,8:30,22:00,8:30,22:00,8:30,22:00,8:30,22:00,8:30,22:00,8:30,21:00
우리네약국,4593,"서울특별시 중구 동호로10길 30, 103호,104호 (신당동, 약수하이츠 상가동)",02-2252-3335,오전근무,8:50,19:00,8:50,19:00,8:50,19:00,8:50,19:00,8:50,19:00,8:50,16:00
우리들약국,8854,"서울특별시 관악구 난곡로 198, (신림동)",864-0250,전부 휴무,9:00,20:00,9:00,20:00,9:00,20:00,9:00,20:00,9:00,20:00,9:00,18:00
우리약국,8632,"서울특별시 금천구 시흥대로 211, (시흥동)",02-802-0023,전부 휴진,8:30,20:00,8:30,20:00,8:30,20:00,8:30,20:00,8:30,20:00,8:30,17:00
우리온누리약국,5117,"서울특별시 광진구 광나루로 614, (구의동, 만택빌딩)",02-458-5669,오후1시 이후,9:00,19:30,9:00,19:30,9:00,19:30,9:00,19:30,9:00,19:30,9:00,16:30
우리종로약국,2165,"서울특별시 중랑구 용마산로 501, 우리약국 1층 (망우동)",02-433-1100,,9:00,20:30,9:00,20:30,9:00,20:30,9:00,20:30,9:00,20:30,9:00,19:00
우리팜약국,7778,"서울특별시 강서구 강서로 27, 1층 106호 (화곡동)",02-2602-1278,,,,,,,,,,,,,
우림시장약국,8855,"서울특별시 관악구 난곡로26길 13, (신림동)",02-854-3254,,9:00,20:00,9:00,20:00,9:00,20:00,9:00,20:00,9:00,20:00,9:00,15:00
우림약국,7668,"서울특별시 강서구 등촌로 183, 1층 (등촌동, 세스빌딩)",02-2651-0222,오후 7시이후,9:00,22:00,9:00,22:00,9:00,22:00,9:00,22:00,9:00,22:00,9:00,22:00
우성메디칼약국,8034,"서울특별시 양천구 지양로 78, (신월동)",02-2605-1339,,9:30,21:30,9:30,21:30,9:30,21:30,9:30,21:30,9:30,21:30,9:30,21:30
우약국,1776,"서울특별시 노원구 섬밭로 209, 109호 (하계동, 벽산상가)",02-3296-5900,,,,,,,,,,,,,
우정약국,6980,"서울특별시 동작구 서달로 144, (흑석동)",02-816-7711,전부휴진,9:00,19:00,9:00,19:00,9:00,19:00,9:00,19:00,9:00,19:00,9:00,14:00
우주약국,6198,"서울특별시 강남구 선릉로 402, 1층 103호 (대치동)",02-3443-3723,,9:00,20:30,9:00,20:30,9:00,20:30,9:00,20:30,9:00,20:30,9:00,20:00
원약국,7625,"서울특별시 강서구 남부순환로11가길 104, 1층 (공항동)",2064-7599,일요일 외 공휴일 쉽니다.,9:00,19:00,9:00,19:00,9:00,19:00,9:00,19:00,9:00,19:00,9:00,15:00
월드약국,7983,"서울특별시 양천구 목동서로 77, (목동)",02-6678-2244,,9:00,21:00,9:00,21:00,9:00,21:00,9:00,21:00,9:00,21:00,9:00,18:00
위드팜잠실나루역약국,5504,"서울특별시 송파구 송파대로 624, (신천동, 잠실나루역구내 제215-08호)",02-416-0223,,9:00,20:00,9:00,20:00,9:00,20:00,9:00,20:00,9:00,20:00,,
유경약국,1330,"서울특별시 도봉구 마들로 684, 1층 (도봉동)",02-986-0533,,8:30,21:00,8:30,21:00,8:30,21:00,8:30,21:00,8:30,21:00,8:30,21:00
유림약국,7208,"서울특별시 영등포구 양평로 95-1, (양평동4가)",02-2676-0266,,,,,,,,,,,,,
유명약국,1833,"서울특별시 노원구 동일로192길 83, 용마빌딩 1층 105호 (공릉동)",,오전7시30분-오후7시30분영업,7:30,19:30,7:30,19:30,7:30,19:30,7:30,19:30,7:30,19:30,7:30,15:00
유명한약국,4730,"서울특별시 성동구 독서당로 295, 1층 (금호동3가)",02-2237-5875,,0:08,0:20,0:08,0:20,0:08,0:20,0:08,0:20,0:08,0:20,0:08,0:20
유성약국,3196,"서울특별시 종로구 동호로 408, 흥일빌딩 (종로5가)",02-2263-9666,,9:30,21:00,9:30,21:00,9:30,21:00,9:30,21:00,9:30,21:00,9:30,21:00
유약국,7649,"서울특별시 강서구 화곡로 329, 101호 (화곡동)",02-2695-7576,,9:00,19:00,9:00,19:00,9:00,19:00,9:00,19:00,9:00,19:00,9:00,16:00
유연약국,4701,"서울특별시 성동구 왕십리로 410, 상가 L동 3층 318호 (하왕십리동, 센트라스)",02-2297-9733,전부 휴진,,,,,,,,,,,,
유일약국,4512,"서울특별시 중구 세종대로 23, 1층 (남대문로5가)",02-318-5997,,,,,,,,,,,,,
유정약국,3350,"서울특별시 은평구 연서로 258, (불광동)",02-355-6270,오후 1시 이후,8:30,19:00,8:30,19:00,8:30,19:00,8:30,19:00,8:30,19:00,8:30,16:00
유정온누리약국,7058,"서울특별시 동작구 여의대방로22나길 1, 1층 (신대방동)",02-822-5692,,,,,,,,,,,,,
유진약국,6226,"서울특별시 강남구 언주로 323, (역삼동)",562-3923,명절,9:00,22:00,9:00,22:00,9:00,22:00,9:00,22:00,9:00,22:00,9:00,21:00
유쾌한약국,8864,"서울특별시 관악구 난곡로 217, 1층 (신림동)",02-852-7477,,9:00,19:00,9:00,19:00,9:00,19:00,9:00,19:00,9:00,19:00,9:00,16:00
윤약국,3473,"서울특별시 은평구 은평로 240, 힐스테이트 녹번역 근린생활시설 B1층 109호 (응암동)",02-356-0842,,9:00,22:00,9:00,22:00,9:00,22:00,9:00,22:00,9:00,22:00,9:00,22:00
으뜸약국,8759,"서울특별시 관악구 신림로 339, 1층 (신림동)",02-888-7888,,,,,,,,,,,,,
은약국,8392,"서울특별시 구로구 시흥대로 551, 3층 (구로동, 광희빌딩)",02-852-2283,,9:00,18:30,9:00,18:30,9:00,18:30,9:00,18:30,9:00,18:30,9:00,14:00
은정약국,4335,"서울특별시 용산구 후암로 7-1, (후암동)",02-754-1511,휴진,9:00,22:00,9:00,22:00,9:00,22:00,9:00,22:00,9:00,22:00,9:00,22:00
은하약국,8332,"서울특별시 구로구 개봉로 68, 1층 (개봉동)",02-2612-5579,휴무,9:30,20:30,9:30,20:30,9:30,20:30,9:30,20:30,9:30,20:30,9:30,19:00
은하온누리약국,7028,"서울특별시 동작구 사당로2가길 102, 119호 (사당동, 사당자이아파트 상가)",02-3474-7525,휴무,9:10,21:00,9:10,21:00,9:10,21:00,9:10,21:00,9:10,21:00,9:10,17:00
은혜약국,5616,"서울특별시 송파구 백제고분로39길 10-20, 101호 (석촌동)",02-420-2282,전부휴진,,,,,,,,,,,,
은혜온누리약국,6289,"서울특별시 강남구 남부순환로 2912, 117호, 118호 (대치동, 우성아파트상가)",02-564-5674,,,,,,,,,,,,,
응암프라자약국,3485,"서울특별시 은평구 응암로 189, 1층 (응암동)",02-303-3693,,9:00,21:00,9:00,21:00,9:00,21:00,9:00,21:00,9:00,21:00,9:00,20:30
이레약국,3358,"서울특별시 은평구 통일로 738, (불광동)",02-359-1945,휴진,9:00,19:00,9:00,19:00,9:00,19:00,9:00,19:00,9:00,19:00,9:00,14:00
이룸약국,5829,"서울특별시 송파구 중대로 118, 에이치빌딩 103호 (가락동)",02-400-5339,,,,,,,,,,,,,
이소약국,7694,"서울특별시 강서구 강서로 242, 상가동 4층 17호 (화곡동, 강서힐스테이트)",02-2699-8681,,9:00,22:00,9:00,22:00,9:00,22:00,9:00,22:00,9:00,22:00,9:00,19:00
이약국,4024,"서울특별시 마포구 월드컵로3길 14, 309호 (합정동, 마포 한강 2차 푸르지오)",070-4189-3430,,,,,,,,,,,,,
이즈타워약국,6134,"서울특별시 강남구 테헤란로 101, 지하1층 103호 (역삼동, 이즈타워)",02-501-9478,,9:30,20:20,9:30,20:20,9:30,20:20,9:30,20:20,9:30,20:20,9:30,17:00
이지약국,6270,"서울특별시 강남구 남부순환로365길 26, 1층 104호 (도곡동)",,휴진,9:00,18:30,9:00,18:30,9:00,18:30,9:00,18:30,9:00,18:30,9:00,13:30
이화약국,6912,"서울특별시 동작구 양녕로38길 2, (상도1동)",02-815-1155,"설날, 추석 당일 휴무",9:00,21:00,9:00,21:00,9:00,21:00,9:00,21:00,9:00,21:00,9:00,17:00
인성약국,8342,"서울특별시 구로구 오류로 73, 1층 (오류동)",02-6053-1130,,,,,,,,,,,,,
인제약국,2121,"서울특별시 중랑구 망우로 214, 1층 (상봉동)",02-434-6870,,8:00,20:00,8:00,20:00,8:00,20:00,8:00,20:00,8:00,20:00,8:00,20:00
일선약국,5688,"서울특별시 송파구 가락로11길 8, (석촌동)",02-414-0847,,8:30,21:30,8:30,21:30,8:30,21:30,8:30,21:30,8:30,21:30,8:30,21:30
일신약국,3196,"서울특별시 종로구 종로 224, 1층 (종로5가)",02-2264-7885,,,,,,,,,,,,,
일심약국,3776,"서울특별시 서대문구 연세로 42, (창천동)",02-392-3333,,8:30,19:30,8:30,19:30,8:30,19:30,8:30,19:30,8:30,19:30,8:30,15:00
일원시장약국,6342,"서울특별시 강남구 양재대로55길 19, (일원동)",02-459-4465,오전10시 -오후9시,,,,,,,,,,,,
일층약국,4116,"서울특별시 마포구 신촌로 266, 1층 (아현동)",02-6405-1311,,8:30,20:30,8:30,20:30,8:30,20:30,8:30,20:30,8:30,20:30,8:30,14:00
임약국,8777,"서울특별시 관악구 신림로 318, 6층 (신림동, 청암두산위브센티움)",02-885-6030,,,,,,,,,,,,,
자연약국,2427,"서울특별시 동대문구 휘경로 31, 1층 (이문동)",02-964-7877,,9:30,21:00,9:30,21:00,9:30,21:00,9:30,21:00,9:30,21:00,9:30,17:00
장수약국,1033,"서울특별시 강북구 삼양로 441, 은행빌딩 (수유동)",02-6956-3200,,8:30,19:30,8:30,19:30,8:30,19:30,8:30,19:30,8:30,19:30,8:30,14:00
장약국,6104,"서울특별시 강남구 학동로 224, B109호 (논현동, 삼환아르누보)",070-8808-8547,,9:00,20:00,9:00,20:00,9:00,20:00,9:00,20:00,9:00,20:00,9:00,16:00
전진상약국,8574,"서울특별시 금천구 탑골로3가길 22, (시흥동)",02-802-9314,,14:00,20:00,9:00,18:00,14:00,20:00,,,9:00,18:00,14:00,18:00
정다운약국,7662,"서울특별시 강서구 까치산로 120, (화곡동)",02-2065-2998,,9:00,22:00,9:00,22:00,9:00,22:00,9:00,22:00,9:00,22:00,9:00,21:00
정다운온누리약국,3331,"서울특별시 은평구 갈현로 260, 1층 (갈현동)",02-388-1226,,9:00,21:00,9:00,21:00,9:00,21:00,9:00,21:00,9:00,21:00,9:00,20:00
정문약국,7343,"서울특별시 영등포구 국제금융로 112, 1층 (여의도동, 상아빌딩)",02-785-9996,전부휴진,9:00,18:30,9:00,18:30,9:00,18:30,9:00,18:30,9:00,18:30,9:00,15:30
정문온누리약국,3375,"서울특별시 은평구 진흥로 196, (녹번동)",02-549-3003,"화,수,목 공휴일 경우 휴무",9:00,20:00,9:00,20:00,9:00,20:00,9:00,20:00,9:00,20:00,10:00,17:00
정성약국,2594,"서울특별시 동대문구 서울시립대로 50, 1층 (전농동)",02-2246-1002,휴무,9:30,18:30,9:30,18:30,9:30,18:30,9:30,18:30,9:30,18:30,9:30,16:30
정성온누리약국,6259,"서울특별시 강남구 도곡로 120, 1층 (도곡동)",02-554-6979,,8:30,22:00,8:30,22:00,8:30,22:00,8:30,22:00,8:30,22:00,8:30,21:00
정약국,8347,"서울특별시 구로구 개봉로 57-1, 1층 (개봉동)",02-2681-9577,휴무,8:10,19:00,8:10,19:00,8:10,19:00,8:10,19:00,8:10,19:00,8:10,17:00
정온누리약국,5582,"서울특별시 송파구 백제고분로 210, (삼전동)",02-412-7829,,9:00,20:00,9:00,20:00,9:00,20:00,9:00,20:00,9:00,20:00,9:30,16:30
정원약국,2766,"서울특별시 성북구 돌곶이로 176, 1층 (장위동)",02-6959-2041,오전 9시부터 오후 1시근무,9:00,18:50,9:00,18:50,9:00,18:50,9:00,18:50,9:00,18:50,9:00,17:30
정은약국,4725,"서울특별시 성동구 장터길 34, 1층 (금호동4가, 남지빌딩)",02-2293-3961,,,,,,,,,,,,,
제일약국,5550,"서울특별시 송파구 백제고분로 457, 다우빌딩 (방이동)",417-8486,,9:00,22:30,9:00,22:30,9:00,22:30,9:00,22:30,9:00,22:30,9:00,22:30
조은약국,5628,"서울특별시 송파구 백제고분로50길 31, 1층 (방이동)",02-420-2101,전부휴진,9:00,19:30,9:00,19:30,9:00,19:30,9:00,19:30,9:00,19:30,9:00,16:30
종근당약국,3196,"서울특별시 종로구 종로 230-1, (종로5가)",02-2274-1311,근무,,,,,,,,,,,,
종로당약국,7526,"서울특별시 강서구 양천로57길 36, 1층 (가양동, 가양5단지아파트)",02-2668-0215,,,,,,,,,,,,,
종로약국,8235,"서울특별시 구로구 고척로 142, (고척동)",02-2612-3986,,,,,,,,,,,,,
종로온누리약국,3106,"서울특별시 종로구 종로 293, 1층 (창신동, 하나저축은행)",02-742-0900,,8:00,22:00,8:00,22:00,8:00,22:00,8:00,22:00,8:00,22:00,8:00,22:00
종로태평양약국,1233,"서울특별시 강북구 오패산로 130, (미아동)",02-985-0393,정상영업,8:00,22:00,8:00,22:00,8:00,22:00,8:00,22:00,8:00,22:00,8:00,22:00
종로프라자약국,1405,"서울특별시 도봉구 노해로65길 14-3, 1층 (창동)",02-990-7248,,9:00,20:30,9:00,20:30,9:00,20:30,9:00,20:30,9:00,20:30,9:00,17:00
종암약국,2800,"서울특별시 성북구 종암로 80, 1층 (종암동)",02-912-0107,,9:00,21:00,9:00,21:00,9:00,21:00,9:00,21:00,9:00,21:00,9:00,19:00
종합약국,4922,"서울특별시 광진구 긴고랑로 106, 1층 (중곡동)",452-4185,6시까지,9:00,21:00,9:00,21:00,9:00,21:00,9:00,21:00,9:00,21:00,9:00,19:00
좋은약국,7921,"서울특별시 양천구 남부순환로59길 2, 1층 (신월동)",02-2065-2264,오전 9시 반부터 오후 1시까지,,,,,,,,,,,,
중앙약국,8701,"서울특별시 관악구 난곡로 367, 경신빌딩 1층 (신림동)",869-0966,오후6시까지,9:00,20:00,9:00,20:00,9:00,20:00,9:00,20:00,9:00,20:00,9:00,18:00
중앙종로약국,4804,"서울특별시 성동구 용답중앙15길 1, (용답동)",02-2243-6894,휴무,8:20,18:00,8:20,18:00,8:20,18:00,8:20,18:00,8:20,18:00,8:20,15:00
즐거운약국,4154,"서울특별시 마포구 큰우물로 53, 염리동 106호 (염리동, 마포 네이버타운)",02-714-7588,,,,,,,,,,,,,
지성약국,7048,"서울특별시 동작구 양녕로 189, (상도동)",02-822-2309,종일 근무,8:00,24:00:00,8:00,24:00:00,8:00,24:00:00,8:00,24:00:00,8:00,24:00:00,8:00,24:00:00
진성약국,3678,"서울특별시 서대문구 증가로 247, (북가좌동)",02-373-5306,휴무,9:00,19:00,9:00,19:00,9:00,19:00,9:00,19:00,9:00,19:00,9:00,17:00
진약국,3373,"서울특별시 은평구 통일로 610, 106호 (녹번동, 힐스테이트녹번)",02-356-7464,,9:00,18:10,9:00,18:10,9:00,18:10,9:00,18:10,9:00,18:10,9:00,13:10
진영약국,5041,"서울특별시 광진구 아차산로57길 42, (구의동)",454-8827,오전8시30분~오후1시,8:30,19:00,8:30,19:00,8:30,19:00,8:30,19:00,8:30,19:00,8:30,13:00
차오름약국,7544,"서울특별시 강서구 양천로 655, 2층 (염창동)",02-2658-7577,전부 휴진,9:00,18:30,9:00,18:30,9:00,18:30,9:00,18:30,9:00,18:30,9:00,15:00
참사랑약국,4931,"서울특별시 광진구 용마산로 23, (중곡동)",02-446-8543,,9:00,19:00,9:00,19:00,9:00,19:00,9:00,19:00,9:00,19:00,9:00,16:00
참약국,6351,"서울특별시 강남구 일원로 95, 지하1층 103호 (일원동, 신영프라자)",02-3412-2577,영업,,,,,,,,,,,,
참이화약국,2604,"서울특별시 동대문구 천호대로 307, 1층 104호 (답십리동, 클래식타워)",02-2247-5029,휴무,9:00,20:00,9:00,20:00,9:00,20:00,9:00,20:00,9:00,20:00,9:00,18:00
참조은약국,3499,"서울특별시 은평구 증산로 297, (증산동)",02-306-7119,,10:00,22:30,10:00,22:30,10:00,22:30,10:00,22:30,10:00,22:30,10:00,22:30
창동이화약국,1405,"서울특별시 도봉구 노해로 341, 305호 (창동, 창동신원리베르텔)",02-906-0101,휴진,8:30,19:00,8:30,19:00,8:30,19:00,8:30,19:00,8:30,19:00,9:00,15:00
천사약국,2566,"서울특별시 동대문구 왕산로26길 13, 1층 (용두동)",02-965-7804,,9:00,19:30,9:00,19:30,9:00,19:30,9:00,19:30,9:00,19:30,9:00,16:30
천우약국,7250,"서울특별시 영등포구 영등포로 231-1, 1층 (영등포동5가)",02-2677-1266,,9:00,22:00,9:00,22:00,9:00,22:00,9:00,22:00,9:00,22:00,9:00,22:00
청담메디웰약국,6070,"서울특별시 강남구 삼성로 772, 105호 (청담동, 로데오프라자)",02-540-4324,전부휴진,9:30,19:30,9:30,19:30,9:30,19:30,9:30,19:30,9:30,19:30,9:30,17:00
청담약국,6074,"서울특별시 강남구 학동로 503, 한성빌딩 1층 106호 (청담동)",02-540-6193,오후1시이후,8:30,19:00,8:30,19:00,8:30,19:00,8:30,19:00,8:30,19:00,8:30,16:30
청솔약국,7936,"서울특별시 양천구 월정로 50, 1층 121호 (신월동, 청솔아파트)",02-2690-2106,진료,9:00,21:00,9:00,21:00,9:00,21:00,9:00,21:00,9:00,21:00,9:00,20:00
청원약국,6075,"서울특별시 강남구 영동대로 722, 풍양빌딩 1층 101호 (청담동)",02-2135-9516,연중무휴,9:00,21:00,9:00,21:00,9:00,21:00,9:00,21:00,9:00,21:00,9:00,21:00
초록약국,3504,"서울특별시 은평구 수색로 191, (증산동)",02-373-4190,휴무,,,,,,,,,,,,
초원약국,3464,"서울특별시 은평구 은평로10길 4, (응암동)",02-6326-4986,휴진,,,,,,,,,,,,
초원온누리약국,5116,"서울특별시 광진구 강변역로4길 10, 강변역지너스타워 307호 (구의동)",02-3436-8743,,9:00,22:30,9:00,22:30,9:00,22:30,9:00,22:30,9:00,22:30,9:00,22:30
초이스약국,6620,"서울특별시 서초구 강남대로 375, 104호 (서초동, 서초현대타워아파트)",02-2055-2272,,9:00,19:00,9:00,19:00,9:00,19:00,9:00,19:00,9:00,19:00,9:00,15:11
충무약국,4554,"서울특별시 중구 충무로 3, 225,226,227호 (필동1가)",02-6954-2010,,9:00,18:30,9:00,18:30,9:00,18:30,9:00,18:30,9:00,18:30,9:00,16:30
친절한약국,1689,"서울특별시 노원구 노해로75길 14-2, (상계동)",02-930-2586,휴무,,,,,,,,,,,,
케이약국,6039,"서울특별시 강남구 도산대로12길 6, 1층 (논현동)",02-511-8806,,8:00,9:00,8:00,9:00,8:00,9:00,8:00,9:00,8:00,9:00,8:00,18:00
코끼리약국,5269,"서울특별시 강동구 고덕로 266, 고덕역 대명벨리온 1층 110호 (명일동)",02-442-4872,,8:30,21:00,8:30,21:00,8:30,21:00,8:30,21:00,8:30,21:00,8:30,15:30
코리아약국,6325,"서울특별시 강남구 선릉로 34, 1층 (개포동)",02-572-6123,전부휴진,9:00,19:30,9:00,19:30,9:00,20:30,9:00,19:30,9:00,19:30,9:00,15:30
코아약국,2445,"서울특별시 동대문구 이문로 30, 1층 (휘경동)",02-959-6380,휴무,9:30,18:00,9:30,18:00,9:30,18:00,14:00,21:00,9:30,18:00,9:30,16:00
큰나무약국,6017,"서울특별시 강남구 압구정로 316, 영진빌딩 1층 (신사동)",,오전9시-오후6시,9:00,21:30,9:00,21:30,9:00,21:30,9:00,21:30,9:00,21:30,9:00,19:00
큰사랑약국,3478,"서울특별시 은평구 응암로 166, (응암동)",02-374-3075,일부 휴진,9:00,18:30,9:00,18:30,9:00,18:30,9:00,18:30,9:00,18:30,9:00,13:30
큰솔약국,3409,"서울특별시 은평구 연서로 12, 청암빌딩 1층 (역촌동)",02-383-8869,전부휴진,,,,,,,,,,,,
키즈약국,7639,"서울특별시 강서구 강서로47가길 6, 1층 108호 (내발산동)",02-2661-8158,전부휴진,8:30,18:00,8:30,18:00,8:30,18:00,8:30,18:00,8:30,18:00,8:30,14:00
타워약국,4575,"서울특별시 중구 퇴계로 447, B동 318호 (황학동,황학아크로타워)",02-2235-1876,오전 9시 30분-오후 1시,9:00,19:00,9:00,19:00,9:00,19:00,9:00,19:00,9:00,19:00,9:00,15:00
타워온누리약국,1063,"서울특별시 강북구 도봉로 358, 2층 201호 (번동, 코스타타워)",02-903-7578,전부휴진,9:00,20:00,9:00,20:00,9:00,20:00,13:30,20:00,9:00,20:00,9:00,16:00
태림약국,8782,"서울특별시 관악구 장군봉2길 2, (봉천동)",02-882-9961,,9:00,22:00,9:00,22:00,9:00,22:00,9:00,22:00,9:00,22:00,9:00,21:00
태양약국,5257,"서울특별시 강동구 양재대로 1637, 1층 105호 (명일동)",02-3427-0652,오후 7시 이후,,,,,,,,,,,,
태평양약국,3330,"서울특별시 은평구 통일로 863, (갈현동)",02-383-1178,휴무,9:00,21:30,9:00,21:30,9:00,21:30,9:00,21:30,9:00,21:30,9:00,21:30
태화약국,4794,"서울특별시 성동구 아차산로7길 2, (성수동2가)",02-465-4971,,9:00,21:30,9:00,21:30,9:00,21:30,9:00,21:30,9:00,21:30,9:00,21:30
튼튼약국,8775,"서울특별시 관악구 신원로 16, (신림동)",02-856-0528,,9:00,19:30,9:00,19:30,9:00,19:30,9:00,19:30,9:00,19:30,9:00,16:30
파란약국,5405,"서울특별시 강동구 양재대로 1325, 둔촌메디컬센타 101호 (성내동)",02-484-2479,,9:00,19:00,9:00,19:00,9:00,19:00,9:00,19:00,9:00,19:00,9:00,15:00
파인약국,3787,"서울특별시 서대문구 신촌로 65, 1층 (창천동)",02-336-3301,,9:00,19:00,9:00,19:00,9:00,19:00,9:00,19:00,9:00,19:00,9:00,18:00
팜메이트대학당약국,6633,"서울특별시 서초구 서초중앙로22길 40, (서초동)",02-585-3092,휴진,,,,,,,,,,,,
팜빌편안약국,7975,"서울특별시 양천구 목동중앙본로 40, 1층 (목동)",02-2645-3130,전부 휴진,9:00,20:00,9:00,20:00,9:00,20:00,9:00,20:00,9:00,20:00,9:00,15:00
팜스토리약국,3461,"서울특별시 은평구 은평로 111, 은평이마트 8층 (응암동)",02-356-8352,,10:00,22:00,10:00,22:00,10:00,22:00,10:00,22:00,10:00,22:00,10:00,22:00
팰리스약국,4143,"서울특별시 마포구 마포대로 143, 220호 (공덕동, 마포공덕파크팰리스 II)",02-719-5472,,9:00,19:00,9:00,19:00,9:00,19:00,9:00,19:00,9:00,19:00,9:00,14:00
편한약국,4387,"서울특별시 용산구 서빙고로 17, 용산센트럴파크 해링턴스퀘어 1층 47호 (한강로3가)",02-793-8887,,9:30,19:00,9:30,19:00,9:30,19:00,9:30,19:00,9:30,19:00,9:30,15:00
평제약국,2478,"서울특별시 동대문구 약령시로 51, (제기동)",02-963-6919,휴업,9:00,21:00,9:00,21:00,9:00,21:00,9:00,21:00,9:00,21:00,9:00,20:00
평화약국,8786,"서울특별시 관악구 남부순환로 1784, 1층 (봉천동)",02-885-3575,,,,,,,,,,,,,
푸른약국,6568,"서울특별시 서초구 서초대로 3-4, 1층 101-3호 (방배동, 방배디오슈페리움)",02-599-5388,휴진,9:00,18:30,9:00,18:30,9:00,18:30,9:00,18:30,9:00,18:30,9:00,13:00
푸른온누리약국,3181,"서울특별시 종로구 새문안로 19, (평동)",02-720-0333,9시~14시근무,9:00,21:00,9:00,21:00,9:00,21:00,9:00,21:00,9:00,21:00,9:00,19:00
프라임365약국,6373,"서울특별시 강남구 자곡로 172, 1층 122호 (자곡동)",02-3434-2277,오후 11시 이후,10:00,23:00,10:00,23:00,10:00,23:00,10:00,23:00,10:00,23:00,9:00,23:00
프라임온누리약국,2759,"서울특별시 성북구 월계로40길 7, 1층 109호,110호 (장위동, 센트럴타운상가)",02-916-9472,,9:00,21:00,9:00,21:00,9:00,21:00,9:00,21:00,9:00,21:00,9:00,18:00
프라자약국,8750,"서울특별시 관악구 봉천로 391, 115호 (봉천동, 두산아파트에이상가)",02-3285-7294,,8:40,21:00,8:40,21:00,8:40,21:00,8:40,21:00,8:40,21:00,9:00,17:00
플러스약국,3190,"서울특별시 종로구 종로 78, 1층 (종로2가, 미려빌딩)",02-733-4163,,8:30,19:00,8:30,21:00,8:30,19:00,8:30,21:00,8:30,19:00,8:30,16:00
하나로약국,1413,"서울특별시 도봉구 마들로11길 20, 1층 (창동, 농협창동유통센타)",02-903-0903,휴무,9:00,20:00,9:00,20:00,9:00,20:00,9:00,20:00,9:00,20:00,9:00,18:00
하나약국,2146,"서울특별시 중랑구 면목로 419, 1층 (면목동)",495-0222,휴무,9:00,19:00,9:00,19:00,9:00,19:00,9:00,19:00,9:00,19:00,9:00,17:00
하늘약국,4611,"서울특별시 중구 다산로 245, (무학동)",02-2237-3530,,9:00,19:00,9:00,19:00,9:00,19:00,9:00,19:00,9:00,19:00,9:00,14:00
하늘팜약국,7526,"서울특별시 강서구 양천로 461, (가양동, 주영빌딩)",02-3663-7071,휴무,9:30,20:00,9:30,20:00,9:30,20:00,9:30,20:00,9:30,20:00,9:30,16:00
하모니약국,2580,"서울특별시 동대문구 왕산로 21, 민족통일대통령빌딩 1층 (신설동)",02-926-8800,전부 휴진,9:00,19:00,9:00,19:00,9:00,19:00,9:00,19:00,9:00,19:00,9:00,13:00
하이온누리약국,4713,"서울특별시 성동구 행당로 87, 107호 (행당동, 행당동 대림아파트)",02-2297-5408,,9:00,20:00,9:00,20:00,9:00,20:00,9:00,20:00,9:00,20:00,9:00,17:00
하트약국,3086,"서울특별시 종로구 대학로 128, 1층 (동숭동)",02-766-8991,휴무,,,,,,,,,,,,
한가람약국,4552,"서울특별시 중구 마른내로 6, 1층 (저동2가)",02-2275-3210,휴무,9:00,21:00,9:00,21:00,9:00,21:00,9:00,21:00,9:00,21:00,9:00,20:00
한가족약국,6280,"서울특별시 강남구 남부순환로 2927, 대치 클래시아 1층 133호 (대치동)",02-569-8779,휴무,9:00,21:00,9:00,21:00,9:00,21:00,9:00,21:00,9:00,21:00,9:00,18:00
한결약국,1751,"서울특별시 노원구 노해로 494, 207호 (상계동, 고려빌딩)",02-936-8055,정상근무,9:00,22:00,9:00,22:00,9:00,22:00,9:00,22:00,9:00,22:00,9:00,22:00
한국구일온누리약국,4425,"서울특별시 용산구 이촌로 300, 렉스상가 2-2, 3-1호 (이촌동)",02-792-9290,전부휴진,8:30,19:00,8:30,19:00,8:30,19:00,8:30,19:00,8:30,19:00,8:40,13:00
한국희귀필수의약품센터,4523,"서울특별시 중구 무교로 6, 12층(을지로1가 16, 금세기빌딩) (을지로1가)",02-508-7316-8,휴무,9:00,18:00,9:00,18:00,9:00,18:00,9:00,18:00,9:00,18:00,,
한라약국,4406,"서울특별시 용산구 보광로 124, (이태원동)",02-795-7603,,8:30,22:00,8:30,22:00,8:30,22:00,8:30,22:00,8:30,22:00,8:30,16:00
한마을약국,8275,"서울특별시 구로구 경인로 382, (개봉동, 한마을아파트)",02-2613-3006,오후3시이후 휴무,9:00,21:30,9:00,21:30,9:00,21:30,9:00,21:30,9:00,21:30,9:00,18:00
한마음약국,3441,"서울특별시 은평구 은평터널로 196, (신사동)",02-309-1881,,,,,,,,,,,,,
한미약국,3712,"서울특별시 서대문구 수색로 30, 지하1층, 1층 (남가좌동)",02-375-3548,,,,,,,,,,,,,
한빛약국,2162,"서울특별시 중랑구 겸재로 225, 1층 (면목동)",02-2207-3588,오전9시~오후4시까지,,,,,,,,,,,,
한사랑약국,5404,"서울특별시 강동구 양재대로89길 16, 214호 (성내동, 파크프라자)",02-6425-2003,약국 3곳이 당번제로 운영,9:00,18:30,9:00,18:30,9:00,18:30,9:00,18:30,9:00,18:30,9:00,14:30
한샘약국,1684,"서울특별시 노원구 상계로27길 7, 중앙빌딩 1층 (상계동)",02-939-7886,오전 11사부터,8:30,22:00,8:30,22:00,8:30,22:00,8:30,22:00,8:30,22:00,8:30,20:00
한성약국,7938,"서울특별시 양천구 목동로 201, 1층 (신정동, 한성빌딩)",02-2690-1965,전부휴진,,,,,,,,,,,,
한솔약국,4967,"서울특별시 광진구 아차산로 621, 1층 (광장동)",02-2201-3581,전부 휴진,8:00,19:00,8:00,19:00,8:00,19:00,8:00,19:00,8:00,19:00,8:00,14:00
한신메디칼약국,6520,"서울특별시 서초구 잠원로 94, 지층 (잠원동, 한신상가)",02-534-8889,오전 11시30분~오후 5시,8:30,20:30,8:30,20:30,8:30,19:00,8:30,20:30,8:30,20:30,8:30,17:00
한영온누리약국,6705,"서울특별시 서초구 방배로 36, (방배동)",02-583-1754,,9:00,21:30,9:00,21:30,9:00,21:30,9:00,21:30,9:00,21:30,9:00,20:00
한우리약국,7657,"서울특별시 강서구 까치산로 151, 104호 (화곡동)",02-2699-0456,,,,,,,,,,,,,
한일약국,8722,"서울특별시 관악구 보라매로 12, 2층 (봉천동, 관악농협)",02-889-8517,,9:00,20:00,9:00,20:00,9:00,20:00,9:00,20:00,9:00,20:00,9:00,18:00
한진약국,4717,"서울특별시 성동구 행당로 84, 309-1호 (행당동, 행당 한진타운)",02-3395-5368,오전9시부터 오후 7시까지 근무,8:30,21:00,8:30,21:00,8:30,21:00,8:30,21:00,8:30,21:00,8:30,19:00
해뜨는약국,6919,"서울특별시 동작구 양녕로 281, (상도동, 상도빌딩)",02-816-3869,,,,,,,,,,,,,
햇님약국,4929,"서울특별시 광진구 천호대로111길 19, (중곡동)",02-777-0012,휴무,,,,,,,,,,,,
햇살약국,8208,"서울특별시 구로구 경인로67길 23, (신도림동,대우푸르지오2차 101동 311호)",02-2631-4959,,9:00,19:00,9:00,19:00,9:00,19:00,9:00,19:00,9:00,19:00,9:00,19:00
햇살온누리약국,5016,"서울특별시 광진구 능동로13길 19, 1층 (화양동)",02-467-8667,,,,,,,,,,,,,
행복약국,6942,"서울특별시 동작구 등용로 115, 101호 (대방동, 엘리시아빌딩)",02-822-9095,"신정, 성탄설, 추석 설날 당일 휴진",8:40,19:00,8:40,19:00,8:40,19:00,8:40,19:00,8:40,19:00,8:40,15:00
행복이열리는건강약국,6970,"서울특별시 동작구 상도로 301, (상도1동)",02-823-0700,전부휴진,9:00,21:00,9:00,21:00,9:00,21:00,9:00,21:00,9:00,21:00,9:00,17:00
행복이열리는약국,4730,"서울특별시 성동구 독서당로 299-2, 1층 (금호동3가)",02-2253-6060,전부휴진,9:00,20:00,9:00,20:00,9:00,20:00,9:00,20:00,9:00,20:00,9:00,16:00
행복한약국,8058,"서울특별시 양천구 중앙로 275, (신정동)",02-2606-8933,,9:00,19:00,9:00,19:00,9:00,19:00,9:00,19:00,9:00,19:00,9:00,16:00
행운약국,6025,"서울특별시 강남구 논현로 836, 삼신빌딩 1층 102호 (신사동)",02-543-8360,,9:00,18:00,9:00,18:00,9:00,18:00,9:00,18:00,9:00,18:00,9:00,
허브약국,7208,"서울특별시 영등포구 선유로49길 36, 1층 (양평동4가)",,오후1시까지,,,,,,,,,,,,
허브온누리약국,5381,"서울특별시 강동구 천호대로 1092, 106호 (성내동, SK허브진)",070-8885-5264,휴무없슴,9:00,21:00,9:00,21:00,9:00,21:00,9:00,21:00,9:00,21:00,9:00,19:00
현대약국,8744,"서울특별시 관악구 관악로 233, 1층 101호 (봉천동)",02-877-3272,,8:30,19:30,8:30,19:30,8:30,19:30,8:30,19:30,8:30,19:30,8:30,19:30
현대온누리약국,3058,"서울특별시 종로구 율곡로 75, 지하1층 (계동)",02-746-7750,,,,,,,,,,,,,
현대파크빌약국,8298,"서울특별시 구로구 공원로 41, (구로동, 현대파크빌)",02-868-5116,휴무,8:00,19:00,8:00,19:00,8:00,19:00,8:00,19:00,8:00,19:00,9:00,19:00
형제약국,8574,"서울특별시 금천구 금하로 707, (시흥동)",02-803-4973,,,,,,,,,,,,,
혜민약국,1175,"서울특별시 강북구 솔샘로67길 118, 1층 (미아동)",02-6406-1177,,,,,,,,,,,,,
혜성약국,5086,"서울특별시 광진구 능동로3길 5, 111호 (자양동, 한강현대아파트종합상가)",02-466-0021,,9:00,20:30,9:00,20:30,9:00,20:30,9:00,20:30,9:00,20:30,9:00,17:00
혜인약국,8744,"서울특별시 관악구 관악로 211, (봉천동)",02-885-1404,오후2시30분~9시30분,,,,,,,,,,,,
호산나약국,4098,"서울특별시 마포구 창전로 60, 1층 (구수동, 서강빌딩)",02-718-7221,,8:30,20:30,8:30,20:30,8:30,20:30,8:30,20:30,8:30,20:30,8:30,18:00
호수약국,3151,"서울특별시 종로구 삼봉로 57, 호수빌딩 지하1층 (수송동)",02-733-5300,,,,,,,,,,,,,
호정약국,4311,"서울특별시 용산구 효창원로93길 9, 한빛빌딩 2층 201호 (효창동)",02-712-1276,,9:00,20:30,9:00,20:30,9:00,20:30,9:00,20:30,9:00,20:30,9:00,18:30
홍신약국,4522,"서울특별시 중구 남대문로9길 40, 센터플레이스(Center Place) 108-1호 (다동)",02-776-5117,,8:30,22:00,8:30,22:00,8:30,22:00,8:30,22:00,8:30,22:00,8:30,21:30
홍약국,3350,"서울특별시 은평구 연서로 246, 203호 (불광동)",02-382-5435,,9:00,19:00,9:00,19:00,9:00,19:00,9:00,19:00,9:00,19:00,8:00,14:00
화원약국,1029,"서울특별시 강북구 삼양로 469, 1층 (수유동)",02-993-5103,오후6시이후,9:00,20:00,9:00,20:00,9:00,20:00,9:00,20:00,9:00,20:00,9:00,19:00
화평약국,7785,"서울특별시 강서구 곰달래로 252, (화곡동, 웰피아)",02-2647-9126,전부휴진,,,,,,,,,,,,
훼미리약국,5833,"서울특별시 송파구 중대로 68, (문정동, 훼미리샤르망 106호)",02-400-2112,휴진,8:30,21:00,8:30,21:00,8:30,21:00,8:30,21:00,8:30,21:00,8:30,17:00
휴베이스다정약국,8793,"서울특별시 관악구 남부순환로 1944, 1층 (봉천동)",878-0222,휴무,,,,,,,,,,,,
휴베이스정성약국,8581,"서울특별시 금천구 독산로 233, 102동 101호 (독산동, 서래타운)",02-6264-0715,전부 휴진,9:00,20:30,9:00,20:30,9:00,20:30,9:00,20:30,9:00,20:30,9:00,19:00
희망약국,3394,"서울특별시 은평구 서오릉로 138, 1층 (대조동)",02-355-9947,오후 6시 이후,,,,,,,,,,,,
희망찬약국,7774,"서울특별시 강서구 강서로 43-17, B104호호 (화곡동, 오거닉스타워)",02-2606-8287,,9:00,21:00,9:00,21:00,9:00,21:00,9:00,21:00,9:00,21:00,9:00,17:00
희영온누리약국,6095,"서울특별시 강남구 봉은사로 471, 204-1호 (삼성동, 힐스테이트2단지상가동)",02-547-1950,휴진,9:00,20:00,9:00,20:00,9:00,20:00,9:00,20:00,9:00,20:00,9:00,17:00
힐링약국,3157,"서울특별시 종로구 종로5길 13, 삼공빌딩 지하1층 (청진동)",02-723-6593,,9:00,21:00,9:00,21:00,9:00,21:00,9:00,21:00,9:00,21:00,9:00,18:00
